--------------------------------------------------------
--  File created - poniedzia³ek-czerwca-24-2019   
--------------------------------------------------------
--------------------------------------------------------
--  DDL for Table COACHES
--------------------------------------------------------

  CREATE TABLE "HR"."COACHES" 
   (	"ID" NUMBER(*,0), 
	"FIRSTNAME" VARCHAR2(20 BYTE), 
	"LASTNAME" VARCHAR2(30 BYTE), 
	"NATIONALITY" VARCHAR2(30 BYTE), 
	"TEAM_ID" NUMBER(*,0)
   ) SEGMENT CREATION IMMEDIATE 
  PCTFREE 10 PCTUSED 40 INITRANS 1 MAXTRANS 255 NOCOMPRESS LOGGING
  STORAGE(INITIAL 65536 NEXT 1048576 MINEXTENTS 1 MAXEXTENTS 2147483645
  PCTINCREASE 0 FREELISTS 1 FREELIST GROUPS 1 BUFFER_POOL DEFAULT FLASH_CACHE DEFAULT CELL_FLASH_CACHE DEFAULT)
  TABLESPACE "USERS" ;
--------------------------------------------------------
--  DDL for Table GAMES
--------------------------------------------------------

  CREATE TABLE "HR"."GAMES" 
   (	"ID" NUMBER(*,0), 
	"TEAM_ID" NUMBER(*,0), 
	"TEAM_ID2" NUMBER(*,0), 
	"GAMEDATE" DATE, 
	"HOMESCORE" NUMBER(*,0), 
	"AWAYSCORE" NUMBER(*,0), 
	"ROUND_NUM" NUMBER(*,0)
   ) SEGMENT CREATION IMMEDIATE 
  PCTFREE 10 PCTUSED 40 INITRANS 1 MAXTRANS 255 NOCOMPRESS LOGGING
  STORAGE(INITIAL 65536 NEXT 1048576 MINEXTENTS 1 MAXEXTENTS 2147483645
  PCTINCREASE 0 FREELISTS 1 FREELIST GROUPS 1 BUFFER_POOL DEFAULT FLASH_CACHE DEFAULT CELL_FLASH_CACHE DEFAULT)
  TABLESPACE "USERS" ;
--------------------------------------------------------
--  DDL for Table LEAGUES
--------------------------------------------------------

  CREATE TABLE "HR"."LEAGUES" 
   (	"ID" NUMBER(*,0), 
	"NAME" VARCHAR2(30 BYTE), 
	"COUNTRY" VARCHAR2(30 BYTE)
   ) SEGMENT CREATION IMMEDIATE 
  PCTFREE 10 PCTUSED 40 INITRANS 1 MAXTRANS 255 NOCOMPRESS LOGGING
  STORAGE(INITIAL 65536 NEXT 1048576 MINEXTENTS 1 MAXEXTENTS 2147483645
  PCTINCREASE 0 FREELISTS 1 FREELIST GROUPS 1 BUFFER_POOL DEFAULT FLASH_CACHE DEFAULT CELL_FLASH_CACHE DEFAULT)
  TABLESPACE "USERS" ;
--------------------------------------------------------
--  DDL for Table PLAYERS
--------------------------------------------------------

  CREATE TABLE "HR"."PLAYERS" 
   (	"ID" NUMBER(*,0), 
	"FIRSTNAME" VARCHAR2(20 BYTE), 
	"LASTNAME" VARCHAR2(30 BYTE), 
	"SHIRTNUMBER" NUMBER(*,0), 
	"NATIONALITY" VARCHAR2(30 BYTE), 
	"TEAM_ID" NUMBER(*,0), 
	"POSITION" VARCHAR2(20 BYTE), 
	"DATE_OF_BIRTH" DATE
   ) SEGMENT CREATION IMMEDIATE 
  PCTFREE 10 PCTUSED 40 INITRANS 1 MAXTRANS 255 NOCOMPRESS LOGGING
  STORAGE(INITIAL 65536 NEXT 1048576 MINEXTENTS 1 MAXEXTENTS 2147483645
  PCTINCREASE 0 FREELISTS 1 FREELIST GROUPS 1 BUFFER_POOL DEFAULT FLASH_CACHE DEFAULT CELL_FLASH_CACHE DEFAULT)
  TABLESPACE "USERS" ;
--------------------------------------------------------
--  DDL for Table TEAMS
--------------------------------------------------------

  CREATE TABLE "HR"."TEAMS" 
   (	"ID" NUMBER(*,0), 
	"NAME" VARCHAR2(30 BYTE), 
	"COUNTRY" VARCHAR2(30 BYTE), 
	"LEAGUE_ID" NUMBER(*,0), 
	"POINTS" NUMBER(*,0), 
	"GAMES" NUMBER(*,0), 
	"GAMESWON" NUMBER(*,0), 
	"GAMESDRAW" NUMBER(*,0), 
	"GAMESLOST" NUMBER(*,0), 
	"GOALSSCORED" NUMBER(*,0), 
	"GOALSLOST" NUMBER(*,0)
   ) SEGMENT CREATION IMMEDIATE 
  PCTFREE 10 PCTUSED 40 INITRANS 1 MAXTRANS 255 NOCOMPRESS LOGGING
  STORAGE(INITIAL 65536 NEXT 1048576 MINEXTENTS 1 MAXEXTENTS 2147483645
  PCTINCREASE 0 FREELISTS 1 FREELIST GROUPS 1 BUFFER_POOL DEFAULT FLASH_CACHE DEFAULT CELL_FLASH_CACHE DEFAULT)
  TABLESPACE "USERS" ;
REM INSERTING into HR.COACHES
SET DEFINE OFF;
Insert into HR.COACHES (ID,FIRSTNAME,LASTNAME,NATIONALITY,TEAM_ID) values ('1','Gray','Dixon','Belize','1');
Insert into HR.COACHES (ID,FIRSTNAME,LASTNAME,NATIONALITY,TEAM_ID) values ('2','Kane','Franco','Poland','2');
Insert into HR.COACHES (ID,FIRSTNAME,LASTNAME,NATIONALITY,TEAM_ID) values ('3','Asher','Mathews','Guadeloupe','3');
Insert into HR.COACHES (ID,FIRSTNAME,LASTNAME,NATIONALITY,TEAM_ID) values ('4','Keith','Owens','Morocco','4');
Insert into HR.COACHES (ID,FIRSTNAME,LASTNAME,NATIONALITY,TEAM_ID) values ('5','Barry','Anthony','Iraq','5');
Insert into HR.COACHES (ID,FIRSTNAME,LASTNAME,NATIONALITY,TEAM_ID) values ('6','Matthew','Pollard','United States','6');
Insert into HR.COACHES (ID,FIRSTNAME,LASTNAME,NATIONALITY,TEAM_ID) values ('7','Xander','Pierce','Kenya','7');
Insert into HR.COACHES (ID,FIRSTNAME,LASTNAME,NATIONALITY,TEAM_ID) values ('8','Edward','Rowland','Djibouti','8');
Insert into HR.COACHES (ID,FIRSTNAME,LASTNAME,NATIONALITY,TEAM_ID) values ('9','Leo','Francis','Niger','9');
Insert into HR.COACHES (ID,FIRSTNAME,LASTNAME,NATIONALITY,TEAM_ID) values ('10','Abel','Todd','Malawi','10');
Insert into HR.COACHES (ID,FIRSTNAME,LASTNAME,NATIONALITY,TEAM_ID) values ('11','Brock','Frederick','Sao Tome and Principe','11');
Insert into HR.COACHES (ID,FIRSTNAME,LASTNAME,NATIONALITY,TEAM_ID) values ('12','Colorado','Stafford','Barbados','12');
Insert into HR.COACHES (ID,FIRSTNAME,LASTNAME,NATIONALITY,TEAM_ID) values ('13','Vaughan','Walls','Nigeria','13');
Insert into HR.COACHES (ID,FIRSTNAME,LASTNAME,NATIONALITY,TEAM_ID) values ('14','Dillon','Kramer','Greece','14');
Insert into HR.COACHES (ID,FIRSTNAME,LASTNAME,NATIONALITY,TEAM_ID) values ('15','Tanek','Mckenzie','Guam','15');
Insert into HR.COACHES (ID,FIRSTNAME,LASTNAME,NATIONALITY,TEAM_ID) values ('16','Drew','Farmer','Belize','16');
Insert into HR.COACHES (ID,FIRSTNAME,LASTNAME,NATIONALITY,TEAM_ID) values ('17','Curran','Dotson','Somalia','17');
Insert into HR.COACHES (ID,FIRSTNAME,LASTNAME,NATIONALITY,TEAM_ID) values ('18','Nasim','Massey','Nepal','18');
Insert into HR.COACHES (ID,FIRSTNAME,LASTNAME,NATIONALITY,TEAM_ID) values ('19','Victor','Collier','Tuvalu','19');
Insert into HR.COACHES (ID,FIRSTNAME,LASTNAME,NATIONALITY,TEAM_ID) values ('21','Boris','Garza','Bulgaria','21');
Insert into HR.COACHES (ID,FIRSTNAME,LASTNAME,NATIONALITY,TEAM_ID) values ('22','Tanner','Malone','Afghanistan','22');
Insert into HR.COACHES (ID,FIRSTNAME,LASTNAME,NATIONALITY,TEAM_ID) values ('23','William','Kent','United Kingdom','23');
Insert into HR.COACHES (ID,FIRSTNAME,LASTNAME,NATIONALITY,TEAM_ID) values ('24','Lars','Rodriquez','Kazakhstan','24');
Insert into HR.COACHES (ID,FIRSTNAME,LASTNAME,NATIONALITY,TEAM_ID) values ('25','Walter','Noble','Australia','25');
Insert into HR.COACHES (ID,FIRSTNAME,LASTNAME,NATIONALITY,TEAM_ID) values ('26','Eagan','Williams','Ghana','26');
Insert into HR.COACHES (ID,FIRSTNAME,LASTNAME,NATIONALITY,TEAM_ID) values ('27','Grady','Daniel','Monaco','27');
Insert into HR.COACHES (ID,FIRSTNAME,LASTNAME,NATIONALITY,TEAM_ID) values ('28','Colby','Vega','Cambodia','28');
Insert into HR.COACHES (ID,FIRSTNAME,LASTNAME,NATIONALITY,TEAM_ID) values ('29','Ryder','Stafford','Gibraltar','29');
Insert into HR.COACHES (ID,FIRSTNAME,LASTNAME,NATIONALITY,TEAM_ID) values ('30','Perry','Huber','Malaysia','30');
REM INSERTING into HR.GAMES
SET DEFINE OFF;
Insert into HR.GAMES (ID,TEAM_ID,TEAM_ID2,GAMEDATE,HOMESCORE,AWAYSCORE,ROUND_NUM) values ('6','8','7',to_date('18/09/09','RR/MM/DD'),'0','0','2');
Insert into HR.GAMES (ID,TEAM_ID,TEAM_ID2,GAMEDATE,HOMESCORE,AWAYSCORE,ROUND_NUM) values ('7','5','9',to_date('18/09/09','RR/MM/DD'),'0','3','2');
Insert into HR.GAMES (ID,TEAM_ID,TEAM_ID2,GAMEDATE,HOMESCORE,AWAYSCORE,ROUND_NUM) values ('12','3','2',to_date('18/09/16','RR/MM/DD'),'1','0','3');
Insert into HR.GAMES (ID,TEAM_ID,TEAM_ID2,GAMEDATE,HOMESCORE,AWAYSCORE,ROUND_NUM) values ('8','6','3',to_date('18/09/09','RR/MM/DD'),'0','1','2');
Insert into HR.GAMES (ID,TEAM_ID,TEAM_ID2,GAMEDATE,HOMESCORE,AWAYSCORE,ROUND_NUM) values ('9','2','10',to_date('18/09/09','RR/MM/DD'),'1','2','2');
Insert into HR.GAMES (ID,TEAM_ID,TEAM_ID2,GAMEDATE,HOMESCORE,AWAYSCORE,ROUND_NUM) values ('10','1','4',to_date('18/09/09','RR/MM/DD'),'1','0','2');
Insert into HR.GAMES (ID,TEAM_ID,TEAM_ID2,GAMEDATE,HOMESCORE,AWAYSCORE,ROUND_NUM) values ('11','10','1',to_date('18/09/16','RR/MM/DD'),'2','0','3');
Insert into HR.GAMES (ID,TEAM_ID,TEAM_ID2,GAMEDATE,HOMESCORE,AWAYSCORE,ROUND_NUM) values ('13','9','6',to_date('18/09/16','RR/MM/DD'),'2','1','3');
Insert into HR.GAMES (ID,TEAM_ID,TEAM_ID2,GAMEDATE,HOMESCORE,AWAYSCORE,ROUND_NUM) values ('14','7','5',to_date('18/09/16','RR/MM/DD'),'0','1','3');
Insert into HR.GAMES (ID,TEAM_ID,TEAM_ID2,GAMEDATE,HOMESCORE,AWAYSCORE,ROUND_NUM) values ('15','8','4',to_date('18/09/16','RR/MM/DD'),'1','2','3');
Insert into HR.GAMES (ID,TEAM_ID,TEAM_ID2,GAMEDATE,HOMESCORE,AWAYSCORE,ROUND_NUM) values ('16','8','6',to_date('18/09/23','RR/MM/DD'),'2','3','4');
Insert into HR.GAMES (ID,TEAM_ID,TEAM_ID2,GAMEDATE,HOMESCORE,AWAYSCORE,ROUND_NUM) values ('17','2','5',to_date('18/09/23','RR/MM/DD'),'1','3','4');
Insert into HR.GAMES (ID,TEAM_ID,TEAM_ID2,GAMEDATE,HOMESCORE,AWAYSCORE,ROUND_NUM) values ('18','1','7',to_date('18/09/23','RR/MM/DD'),'2','0','4');
Insert into HR.GAMES (ID,TEAM_ID,TEAM_ID2,GAMEDATE,HOMESCORE,AWAYSCORE,ROUND_NUM) values ('19','4','9',to_date('18/09/23','RR/MM/DD'),'2','1','4');
Insert into HR.GAMES (ID,TEAM_ID,TEAM_ID2,GAMEDATE,HOMESCORE,AWAYSCORE,ROUND_NUM) values ('20','10','3',to_date('18/09/23','RR/MM/DD'),'0','1','4');
Insert into HR.GAMES (ID,TEAM_ID,TEAM_ID2,GAMEDATE,HOMESCORE,AWAYSCORE,ROUND_NUM) values ('21','8','10',to_date('18/09/30','RR/MM/DD'),'2','1','5');
Insert into HR.GAMES (ID,TEAM_ID,TEAM_ID2,GAMEDATE,HOMESCORE,AWAYSCORE,ROUND_NUM) values ('22','3','4',to_date('18/09/30','RR/MM/DD'),'0','1','5');
Insert into HR.GAMES (ID,TEAM_ID,TEAM_ID2,GAMEDATE,HOMESCORE,AWAYSCORE,ROUND_NUM) values ('23','9','1',to_date('18/09/30','RR/MM/DD'),'1','0','5');
Insert into HR.GAMES (ID,TEAM_ID,TEAM_ID2,GAMEDATE,HOMESCORE,AWAYSCORE,ROUND_NUM) values ('24','7','2',to_date('18/09/30','RR/MM/DD'),'3','2','5');
Insert into HR.GAMES (ID,TEAM_ID,TEAM_ID2,GAMEDATE,HOMESCORE,AWAYSCORE,ROUND_NUM) values ('25','5','6',to_date('18/09/30','RR/MM/DD'),'2','2','5');
Insert into HR.GAMES (ID,TEAM_ID,TEAM_ID2,GAMEDATE,HOMESCORE,AWAYSCORE,ROUND_NUM) values ('26','8','1',to_date('18/10/07','RR/MM/DD'),'3','0','6');
Insert into HR.GAMES (ID,TEAM_ID,TEAM_ID2,GAMEDATE,HOMESCORE,AWAYSCORE,ROUND_NUM) values ('27','4','2',to_date('18/10/07','RR/MM/DD'),'3','2','6');
Insert into HR.GAMES (ID,TEAM_ID,TEAM_ID2,GAMEDATE,HOMESCORE,AWAYSCORE,ROUND_NUM) values ('28','10','6',to_date('18/10/07','RR/MM/DD'),'3','1','6');
Insert into HR.GAMES (ID,TEAM_ID,TEAM_ID2,GAMEDATE,HOMESCORE,AWAYSCORE,ROUND_NUM) values ('29','3','5',to_date('18/10/07','RR/MM/DD'),'2','1','6');
Insert into HR.GAMES (ID,TEAM_ID,TEAM_ID2,GAMEDATE,HOMESCORE,AWAYSCORE,ROUND_NUM) values ('30','9','7',to_date('18/10/07','RR/MM/DD'),'1','1','6');
Insert into HR.GAMES (ID,TEAM_ID,TEAM_ID2,GAMEDATE,HOMESCORE,AWAYSCORE,ROUND_NUM) values ('31','8','2',to_date('18/10/13','RR/MM/DD'),'1','1','7');
Insert into HR.GAMES (ID,TEAM_ID,TEAM_ID2,GAMEDATE,HOMESCORE,AWAYSCORE,ROUND_NUM) values ('32','1','6',to_date('18/10/13','RR/MM/DD'),'1','0','7');
Insert into HR.GAMES (ID,TEAM_ID,TEAM_ID2,GAMEDATE,HOMESCORE,AWAYSCORE,ROUND_NUM) values ('33','4','5',to_date('18/10/13','RR/MM/DD'),'0','1','7');
Insert into HR.GAMES (ID,TEAM_ID,TEAM_ID2,GAMEDATE,HOMESCORE,AWAYSCORE,ROUND_NUM) values ('34','10','7',to_date('18/10/13','RR/MM/DD'),'1','2','7');
Insert into HR.GAMES (ID,TEAM_ID,TEAM_ID2,GAMEDATE,HOMESCORE,AWAYSCORE,ROUND_NUM) values ('35','3','9',to_date('18/10/13','RR/MM/DD'),'1','3','7');
Insert into HR.GAMES (ID,TEAM_ID,TEAM_ID2,GAMEDATE,HOMESCORE,AWAYSCORE,ROUND_NUM) values ('36','8','9',to_date('18/10/20','RR/MM/DD'),'1','1','8');
Insert into HR.GAMES (ID,TEAM_ID,TEAM_ID2,GAMEDATE,HOMESCORE,AWAYSCORE,ROUND_NUM) values ('37','7','3',to_date('18/10/20','RR/MM/DD'),'2','2','8');
Insert into HR.GAMES (ID,TEAM_ID,TEAM_ID2,GAMEDATE,HOMESCORE,AWAYSCORE,ROUND_NUM) values ('38','5','10',to_date('18/10/20','RR/MM/DD'),'2','1','8');
Insert into HR.GAMES (ID,TEAM_ID,TEAM_ID2,GAMEDATE,HOMESCORE,AWAYSCORE,ROUND_NUM) values ('39','6','4',to_date('18/10/20','RR/MM/DD'),'0','1','8');
Insert into HR.GAMES (ID,TEAM_ID,TEAM_ID2,GAMEDATE,HOMESCORE,AWAYSCORE,ROUND_NUM) values ('40','2','1',to_date('18/10/20','RR/MM/DD'),'1','2','8');
Insert into HR.GAMES (ID,TEAM_ID,TEAM_ID2,GAMEDATE,HOMESCORE,AWAYSCORE,ROUND_NUM) values ('41','8','3',to_date('18/10/28','RR/MM/DD'),'2','2','9');
Insert into HR.GAMES (ID,TEAM_ID,TEAM_ID2,GAMEDATE,HOMESCORE,AWAYSCORE,ROUND_NUM) values ('42','9','10',to_date('18/10/28','RR/MM/DD'),'4','0','9');
Insert into HR.GAMES (ID,TEAM_ID,TEAM_ID2,GAMEDATE,HOMESCORE,AWAYSCORE,ROUND_NUM) values ('43','7','4',to_date('18/10/28','RR/MM/DD'),'1','2','9');
Insert into HR.GAMES (ID,TEAM_ID,TEAM_ID2,GAMEDATE,HOMESCORE,AWAYSCORE,ROUND_NUM) values ('44','5','1',to_date('18/10/28','RR/MM/DD'),'0','1','9');
Insert into HR.GAMES (ID,TEAM_ID,TEAM_ID2,GAMEDATE,HOMESCORE,AWAYSCORE,ROUND_NUM) values ('45','6','2',to_date('18/10/28','RR/MM/DD'),'0','2','9');
Insert into HR.GAMES (ID,TEAM_ID,TEAM_ID2,GAMEDATE,HOMESCORE,AWAYSCORE,ROUND_NUM) values ('46','3','8',to_date('18/11/04','RR/MM/DD'),'3','0','10');
Insert into HR.GAMES (ID,TEAM_ID,TEAM_ID2,GAMEDATE,HOMESCORE,AWAYSCORE,ROUND_NUM) values ('47','10','9',to_date('18/11/04','RR/MM/DD'),'1','0','10');
Insert into HR.GAMES (ID,TEAM_ID,TEAM_ID2,GAMEDATE,HOMESCORE,AWAYSCORE,ROUND_NUM) values ('48','4','7',to_date('18/11/04','RR/MM/DD'),'3','2','10');
Insert into HR.GAMES (ID,TEAM_ID,TEAM_ID2,GAMEDATE,HOMESCORE,AWAYSCORE,ROUND_NUM) values ('49','1','5',to_date('18/11/04','RR/MM/DD'),'0','2','10');
Insert into HR.GAMES (ID,TEAM_ID,TEAM_ID2,GAMEDATE,HOMESCORE,AWAYSCORE,ROUND_NUM) values ('50','2','6',to_date('18/11/04','RR/MM/DD'),'1','2','10');
Insert into HR.GAMES (ID,TEAM_ID,TEAM_ID2,GAMEDATE,HOMESCORE,AWAYSCORE,ROUND_NUM) values ('51','9','8',to_date('18/11/10','RR/MM/DD'),'0','3','11');
Insert into HR.GAMES (ID,TEAM_ID,TEAM_ID2,GAMEDATE,HOMESCORE,AWAYSCORE,ROUND_NUM) values ('52','3','7',to_date('18/11/10','RR/MM/DD'),'1','0','11');
Insert into HR.GAMES (ID,TEAM_ID,TEAM_ID2,GAMEDATE,HOMESCORE,AWAYSCORE,ROUND_NUM) values ('53','10','5',to_date('18/11/10','RR/MM/DD'),'0','2','11');
Insert into HR.GAMES (ID,TEAM_ID,TEAM_ID2,GAMEDATE,HOMESCORE,AWAYSCORE,ROUND_NUM) values ('54','4','6',to_date('18/11/10','RR/MM/DD'),'2','1','11');
Insert into HR.GAMES (ID,TEAM_ID,TEAM_ID2,GAMEDATE,HOMESCORE,AWAYSCORE,ROUND_NUM) values ('55','1','2',to_date('18/11/10','RR/MM/DD'),'0','0','11');
Insert into HR.GAMES (ID,TEAM_ID,TEAM_ID2,GAMEDATE,HOMESCORE,AWAYSCORE,ROUND_NUM) values ('56','5','8',to_date('18/11/18','RR/MM/DD'),'1','4','12');
Insert into HR.GAMES (ID,TEAM_ID,TEAM_ID2,GAMEDATE,HOMESCORE,AWAYSCORE,ROUND_NUM) values ('57','7','6',to_date('18/11/18','RR/MM/DD'),'3','1','12');
Insert into HR.GAMES (ID,TEAM_ID,TEAM_ID2,GAMEDATE,HOMESCORE,AWAYSCORE,ROUND_NUM) values ('58','9','2',to_date('18/11/18','RR/MM/DD'),'3','0','12');
Insert into HR.GAMES (ID,TEAM_ID,TEAM_ID2,GAMEDATE,HOMESCORE,AWAYSCORE,ROUND_NUM) values ('59','3','1',to_date('18/11/18','RR/MM/DD'),'0','2','12');
Insert into HR.GAMES (ID,TEAM_ID,TEAM_ID2,GAMEDATE,HOMESCORE,AWAYSCORE,ROUND_NUM) values ('60','10','4',to_date('18/11/18','RR/MM/DD'),'1','2','12');
Insert into HR.GAMES (ID,TEAM_ID,TEAM_ID2,GAMEDATE,HOMESCORE,AWAYSCORE,ROUND_NUM) values ('61','1','8',to_date('18/11/25','RR/MM/DD'),'1','0','13');
Insert into HR.GAMES (ID,TEAM_ID,TEAM_ID2,GAMEDATE,HOMESCORE,AWAYSCORE,ROUND_NUM) values ('62','2','4',to_date('18/11/25','RR/MM/DD'),'1','2','13');
Insert into HR.GAMES (ID,TEAM_ID,TEAM_ID2,GAMEDATE,HOMESCORE,AWAYSCORE,ROUND_NUM) values ('63','6','10',to_date('18/11/25','RR/MM/DD'),'2','0','13');
Insert into HR.GAMES (ID,TEAM_ID,TEAM_ID2,GAMEDATE,HOMESCORE,AWAYSCORE,ROUND_NUM) values ('64','5','3',to_date('18/11/25','RR/MM/DD'),'1','2','13');
Insert into HR.GAMES (ID,TEAM_ID,TEAM_ID2,GAMEDATE,HOMESCORE,AWAYSCORE,ROUND_NUM) values ('65','7','9',to_date('18/11/25','RR/MM/DD'),'1','3','13');
Insert into HR.GAMES (ID,TEAM_ID,TEAM_ID2,GAMEDATE,HOMESCORE,AWAYSCORE,ROUND_NUM) values ('66','1','10',to_date('18/12/02','RR/MM/DD'),'1','0','14');
Insert into HR.GAMES (ID,TEAM_ID,TEAM_ID2,GAMEDATE,HOMESCORE,AWAYSCORE,ROUND_NUM) values ('67','2','3',to_date('18/12/02','RR/MM/DD'),'3','4','14');
Insert into HR.GAMES (ID,TEAM_ID,TEAM_ID2,GAMEDATE,HOMESCORE,AWAYSCORE,ROUND_NUM) values ('68','6','9',to_date('18/12/02','RR/MM/DD'),'1','2','14');
Insert into HR.GAMES (ID,TEAM_ID,TEAM_ID2,GAMEDATE,HOMESCORE,AWAYSCORE,ROUND_NUM) values ('69','5','7',to_date('18/12/02','RR/MM/DD'),'2','1','14');
Insert into HR.GAMES (ID,TEAM_ID,TEAM_ID2,GAMEDATE,HOMESCORE,AWAYSCORE,ROUND_NUM) values ('70','4','8',to_date('18/12/02','RR/MM/DD'),'0','4','14');
Insert into HR.GAMES (ID,TEAM_ID,TEAM_ID2,GAMEDATE,HOMESCORE,AWAYSCORE,ROUND_NUM) values ('71','2','8',to_date('18/12/09','RR/MM/DD'),'2','3','15');
Insert into HR.GAMES (ID,TEAM_ID,TEAM_ID2,GAMEDATE,HOMESCORE,AWAYSCORE,ROUND_NUM) values ('72','6','1',to_date('18/12/09','RR/MM/DD'),'1','2','15');
Insert into HR.GAMES (ID,TEAM_ID,TEAM_ID2,GAMEDATE,HOMESCORE,AWAYSCORE,ROUND_NUM) values ('73','5','4',to_date('18/12/09','RR/MM/DD'),'1','1','15');
Insert into HR.GAMES (ID,TEAM_ID,TEAM_ID2,GAMEDATE,HOMESCORE,AWAYSCORE,ROUND_NUM) values ('74','7','10',to_date('18/12/09','RR/MM/DD'),'1','0','15');
Insert into HR.GAMES (ID,TEAM_ID,TEAM_ID2,GAMEDATE,HOMESCORE,AWAYSCORE,ROUND_NUM) values ('75','9','3',to_date('18/12/09','RR/MM/DD'),'5','1','15');
Insert into HR.GAMES (ID,TEAM_ID,TEAM_ID2,GAMEDATE,HOMESCORE,AWAYSCORE,ROUND_NUM) values ('76','7','8',to_date('18/12/15','RR/MM/DD'),'1','0','16');
Insert into HR.GAMES (ID,TEAM_ID,TEAM_ID2,GAMEDATE,HOMESCORE,AWAYSCORE,ROUND_NUM) values ('77','9','5',to_date('18/12/15','RR/MM/DD'),'1','1','16');
Insert into HR.GAMES (ID,TEAM_ID,TEAM_ID2,GAMEDATE,HOMESCORE,AWAYSCORE,ROUND_NUM) values ('78','3','6',to_date('18/12/15','RR/MM/DD'),'0','0','16');
Insert into HR.GAMES (ID,TEAM_ID,TEAM_ID2,GAMEDATE,HOMESCORE,AWAYSCORE,ROUND_NUM) values ('79','10','2',to_date('18/12/15','RR/MM/DD'),'0','1','16');
Insert into HR.GAMES (ID,TEAM_ID,TEAM_ID2,GAMEDATE,HOMESCORE,AWAYSCORE,ROUND_NUM) values ('80','4','1',to_date('18/12/15','RR/MM/DD'),'2','2','16');
Insert into HR.GAMES (ID,TEAM_ID,TEAM_ID2,GAMEDATE,HOMESCORE,AWAYSCORE,ROUND_NUM) values ('81','10','8',to_date('18/12/22','RR/MM/DD'),'2','2','17');
Insert into HR.GAMES (ID,TEAM_ID,TEAM_ID2,GAMEDATE,HOMESCORE,AWAYSCORE,ROUND_NUM) values ('82','4','3',to_date('18/12/22','RR/MM/DD'),'1','1','17');
Insert into HR.GAMES (ID,TEAM_ID,TEAM_ID2,GAMEDATE,HOMESCORE,AWAYSCORE,ROUND_NUM) values ('83','1','9',to_date('18/12/22','RR/MM/DD'),'3','0','17');
Insert into HR.GAMES (ID,TEAM_ID,TEAM_ID2,GAMEDATE,HOMESCORE,AWAYSCORE,ROUND_NUM) values ('84','2','7',to_date('18/12/22','RR/MM/DD'),'4','2','17');
Insert into HR.GAMES (ID,TEAM_ID,TEAM_ID2,GAMEDATE,HOMESCORE,AWAYSCORE,ROUND_NUM) values ('85','6','5',to_date('18/12/22','RR/MM/DD'),'1','0','17');
Insert into HR.GAMES (ID,TEAM_ID,TEAM_ID2,GAMEDATE,HOMESCORE,AWAYSCORE,ROUND_NUM) values ('86','6','8',to_date('18/12/29','RR/MM/DD'),'2','0','18');
Insert into HR.GAMES (ID,TEAM_ID,TEAM_ID2,GAMEDATE,HOMESCORE,AWAYSCORE,ROUND_NUM) values ('87','5','2',to_date('18/12/29','RR/MM/DD'),'0','1','18');
Insert into HR.GAMES (ID,TEAM_ID,TEAM_ID2,GAMEDATE,HOMESCORE,AWAYSCORE,ROUND_NUM) values ('88','7','1',to_date('18/12/29','RR/MM/DD'),'1','6','18');
Insert into HR.GAMES (ID,TEAM_ID,TEAM_ID2,GAMEDATE,HOMESCORE,AWAYSCORE,ROUND_NUM) values ('89','9','4',to_date('18/12/29','RR/MM/DD'),'3','0','18');
Insert into HR.GAMES (ID,TEAM_ID,TEAM_ID2,GAMEDATE,HOMESCORE,AWAYSCORE,ROUND_NUM) values ('90','3','10',to_date('18/12/29','RR/MM/DD'),'2','1','18');
Insert into HR.GAMES (ID,TEAM_ID,TEAM_ID2,GAMEDATE,HOMESCORE,AWAYSCORE,ROUND_NUM) values ('91','18','15',to_date('18/09/02','RR/MM/DD'),'1','1','1');
Insert into HR.GAMES (ID,TEAM_ID,TEAM_ID2,GAMEDATE,HOMESCORE,AWAYSCORE,ROUND_NUM) values ('1','8','5',to_date('18/09/02','RR/MM/DD'),'1','2','1');
Insert into HR.GAMES (ID,TEAM_ID,TEAM_ID2,GAMEDATE,HOMESCORE,AWAYSCORE,ROUND_NUM) values ('2','6','7',to_date('18/09/02','RR/MM/DD'),'4','3','1');
Insert into HR.GAMES (ID,TEAM_ID,TEAM_ID2,GAMEDATE,HOMESCORE,AWAYSCORE,ROUND_NUM) values ('3','2','9',to_date('18/09/02','RR/MM/DD'),'2','2','1');
Insert into HR.GAMES (ID,TEAM_ID,TEAM_ID2,GAMEDATE,HOMESCORE,AWAYSCORE,ROUND_NUM) values ('4','1','3',to_date('18/09/02','RR/MM/DD'),'1','4','1');
Insert into HR.GAMES (ID,TEAM_ID,TEAM_ID2,GAMEDATE,HOMESCORE,AWAYSCORE,ROUND_NUM) values ('5','4','10',to_date('18/09/02','RR/MM/DD'),'4','1','1');
Insert into HR.GAMES (ID,TEAM_ID,TEAM_ID2,GAMEDATE,HOMESCORE,AWAYSCORE,ROUND_NUM) values ('92','16','17',to_date('18/09/02','RR/MM/DD'),'4','0','1');
Insert into HR.GAMES (ID,TEAM_ID,TEAM_ID2,GAMEDATE,HOMESCORE,AWAYSCORE,ROUND_NUM) values ('93','12','19',to_date('18/09/02','RR/MM/DD'),'0','0','1');
Insert into HR.GAMES (ID,TEAM_ID,TEAM_ID2,GAMEDATE,HOMESCORE,AWAYSCORE,ROUND_NUM) values ('94','11','13',to_date('18/09/02','RR/MM/DD'),'0','1','1');
Insert into HR.GAMES (ID,TEAM_ID,TEAM_ID2,GAMEDATE,HOMESCORE,AWAYSCORE,ROUND_NUM) values ('95','14','20',to_date('18/09/02','RR/MM/DD'),'0','1','1');
Insert into HR.GAMES (ID,TEAM_ID,TEAM_ID2,GAMEDATE,HOMESCORE,AWAYSCORE,ROUND_NUM) values ('96','18','17',to_date('18/09/09','RR/MM/DD'),'3','2','2');
Insert into HR.GAMES (ID,TEAM_ID,TEAM_ID2,GAMEDATE,HOMESCORE,AWAYSCORE,ROUND_NUM) values ('97','15','19',to_date('18/09/09','RR/MM/DD'),'0','3','2');
Insert into HR.GAMES (ID,TEAM_ID,TEAM_ID2,GAMEDATE,HOMESCORE,AWAYSCORE,ROUND_NUM) values ('98','16','13',to_date('18/09/09','RR/MM/DD'),'1','2','2');
Insert into HR.GAMES (ID,TEAM_ID,TEAM_ID2,GAMEDATE,HOMESCORE,AWAYSCORE,ROUND_NUM) values ('99','12','20',to_date('18/09/09','RR/MM/DD'),'0','0','2');
Insert into HR.GAMES (ID,TEAM_ID,TEAM_ID2,GAMEDATE,HOMESCORE,AWAYSCORE,ROUND_NUM) values ('100','11','14',to_date('18/09/09','RR/MM/DD'),'3','0','2');
Insert into HR.GAMES (ID,TEAM_ID,TEAM_ID2,GAMEDATE,HOMESCORE,AWAYSCORE,ROUND_NUM) values ('101','20','11',to_date('18/09/16','RR/MM/DD'),'3','0','3');
Insert into HR.GAMES (ID,TEAM_ID,TEAM_ID2,GAMEDATE,HOMESCORE,AWAYSCORE,ROUND_NUM) values ('102','13','12',to_date('18/09/16','RR/MM/DD'),'2','1','3');
Insert into HR.GAMES (ID,TEAM_ID,TEAM_ID2,GAMEDATE,HOMESCORE,AWAYSCORE,ROUND_NUM) values ('103','19','16',to_date('18/09/16','RR/MM/DD'),'0','2','3');
Insert into HR.GAMES (ID,TEAM_ID,TEAM_ID2,GAMEDATE,HOMESCORE,AWAYSCORE,ROUND_NUM) values ('104','17','15',to_date('18/09/16','RR/MM/DD'),'0','1','3');
Insert into HR.GAMES (ID,TEAM_ID,TEAM_ID2,GAMEDATE,HOMESCORE,AWAYSCORE,ROUND_NUM) values ('105','18','14',to_date('18/09/16','RR/MM/DD'),'1','2','3');
Insert into HR.GAMES (ID,TEAM_ID,TEAM_ID2,GAMEDATE,HOMESCORE,AWAYSCORE,ROUND_NUM) values ('106','18','16',to_date('18/09/23','RR/MM/DD'),'2','3','4');
Insert into HR.GAMES (ID,TEAM_ID,TEAM_ID2,GAMEDATE,HOMESCORE,AWAYSCORE,ROUND_NUM) values ('107','12','15',to_date('18/09/23','RR/MM/DD'),'1','3','4');
Insert into HR.GAMES (ID,TEAM_ID,TEAM_ID2,GAMEDATE,HOMESCORE,AWAYSCORE,ROUND_NUM) values ('108','11','17',to_date('18/09/23','RR/MM/DD'),'2','0','4');
Insert into HR.GAMES (ID,TEAM_ID,TEAM_ID2,GAMEDATE,HOMESCORE,AWAYSCORE,ROUND_NUM) values ('109','14','19',to_date('18/09/23','RR/MM/DD'),'2','1','4');
Insert into HR.GAMES (ID,TEAM_ID,TEAM_ID2,GAMEDATE,HOMESCORE,AWAYSCORE,ROUND_NUM) values ('110','20','13',to_date('18/09/23','RR/MM/DD'),'0','1','4');
Insert into HR.GAMES (ID,TEAM_ID,TEAM_ID2,GAMEDATE,HOMESCORE,AWAYSCORE,ROUND_NUM) values ('111','18','20',to_date('18/09/30','RR/MM/DD'),'2','1','5');
Insert into HR.GAMES (ID,TEAM_ID,TEAM_ID2,GAMEDATE,HOMESCORE,AWAYSCORE,ROUND_NUM) values ('112','13','14',to_date('18/09/30','RR/MM/DD'),'0','1','5');
Insert into HR.GAMES (ID,TEAM_ID,TEAM_ID2,GAMEDATE,HOMESCORE,AWAYSCORE,ROUND_NUM) values ('113','19','11',to_date('18/09/30','RR/MM/DD'),'1','0','5');
Insert into HR.GAMES (ID,TEAM_ID,TEAM_ID2,GAMEDATE,HOMESCORE,AWAYSCORE,ROUND_NUM) values ('114','17','12',to_date('18/09/30','RR/MM/DD'),'3','2','5');
Insert into HR.GAMES (ID,TEAM_ID,TEAM_ID2,GAMEDATE,HOMESCORE,AWAYSCORE,ROUND_NUM) values ('115','15','16',to_date('18/09/30','RR/MM/DD'),'2','2','5');
Insert into HR.GAMES (ID,TEAM_ID,TEAM_ID2,GAMEDATE,HOMESCORE,AWAYSCORE,ROUND_NUM) values ('116','18','11',to_date('18/10/07','RR/MM/DD'),'2','1','6');
Insert into HR.GAMES (ID,TEAM_ID,TEAM_ID2,GAMEDATE,HOMESCORE,AWAYSCORE,ROUND_NUM) values ('117','14','12',to_date('18/10/07','RR/MM/DD'),'1','1','6');
Insert into HR.GAMES (ID,TEAM_ID,TEAM_ID2,GAMEDATE,HOMESCORE,AWAYSCORE,ROUND_NUM) values ('118','20','16',to_date('18/10/07','RR/MM/DD'),'4','3','6');
Insert into HR.GAMES (ID,TEAM_ID,TEAM_ID2,GAMEDATE,HOMESCORE,AWAYSCORE,ROUND_NUM) values ('119','13','15',to_date('18/10/07','RR/MM/DD'),'1','0','6');
Insert into HR.GAMES (ID,TEAM_ID,TEAM_ID2,GAMEDATE,HOMESCORE,AWAYSCORE,ROUND_NUM) values ('120','19','17',to_date('18/10/07','RR/MM/DD'),'0','1','6');
Insert into HR.GAMES (ID,TEAM_ID,TEAM_ID2,GAMEDATE,HOMESCORE,AWAYSCORE,ROUND_NUM) values ('121','18','12',to_date('18/10/13','RR/MM/DD'),'1','1','7');
Insert into HR.GAMES (ID,TEAM_ID,TEAM_ID2,GAMEDATE,HOMESCORE,AWAYSCORE,ROUND_NUM) values ('122','11','16',to_date('18/10/13','RR/MM/DD'),'1','0','7');
Insert into HR.GAMES (ID,TEAM_ID,TEAM_ID2,GAMEDATE,HOMESCORE,AWAYSCORE,ROUND_NUM) values ('123','14','15',to_date('18/10/13','RR/MM/DD'),'0','1','7');
Insert into HR.GAMES (ID,TEAM_ID,TEAM_ID2,GAMEDATE,HOMESCORE,AWAYSCORE,ROUND_NUM) values ('124','20','17',to_date('18/10/13','RR/MM/DD'),'1','2','7');
Insert into HR.GAMES (ID,TEAM_ID,TEAM_ID2,GAMEDATE,HOMESCORE,AWAYSCORE,ROUND_NUM) values ('125','13','19',to_date('18/10/13','RR/MM/DD'),'1','3','7');
Insert into HR.GAMES (ID,TEAM_ID,TEAM_ID2,GAMEDATE,HOMESCORE,AWAYSCORE,ROUND_NUM) values ('126','18','19',to_date('18/10/20','RR/MM/DD'),'1','1','8');
Insert into HR.GAMES (ID,TEAM_ID,TEAM_ID2,GAMEDATE,HOMESCORE,AWAYSCORE,ROUND_NUM) values ('127','17','13',to_date('18/10/20','RR/MM/DD'),'2','2','8');
Insert into HR.GAMES (ID,TEAM_ID,TEAM_ID2,GAMEDATE,HOMESCORE,AWAYSCORE,ROUND_NUM) values ('128','15','20',to_date('18/10/20','RR/MM/DD'),'2','1','8');
Insert into HR.GAMES (ID,TEAM_ID,TEAM_ID2,GAMEDATE,HOMESCORE,AWAYSCORE,ROUND_NUM) values ('129','16','14',to_date('18/10/20','RR/MM/DD'),'0','1','8');
Insert into HR.GAMES (ID,TEAM_ID,TEAM_ID2,GAMEDATE,HOMESCORE,AWAYSCORE,ROUND_NUM) values ('130','12','11',to_date('18/10/20','RR/MM/DD'),'1','2','8');
Insert into HR.GAMES (ID,TEAM_ID,TEAM_ID2,GAMEDATE,HOMESCORE,AWAYSCORE,ROUND_NUM) values ('131','18','13',to_date('18/10/28','RR/MM/DD'),'2','2','9');
Insert into HR.GAMES (ID,TEAM_ID,TEAM_ID2,GAMEDATE,HOMESCORE,AWAYSCORE,ROUND_NUM) values ('132','19','20',to_date('18/10/28','RR/MM/DD'),'4','0','9');
Insert into HR.GAMES (ID,TEAM_ID,TEAM_ID2,GAMEDATE,HOMESCORE,AWAYSCORE,ROUND_NUM) values ('133','17','14',to_date('18/10/28','RR/MM/DD'),'1','2','9');
Insert into HR.GAMES (ID,TEAM_ID,TEAM_ID2,GAMEDATE,HOMESCORE,AWAYSCORE,ROUND_NUM) values ('134','15','11',to_date('18/10/28','RR/MM/DD'),'0','1','9');
Insert into HR.GAMES (ID,TEAM_ID,TEAM_ID2,GAMEDATE,HOMESCORE,AWAYSCORE,ROUND_NUM) values ('135','16','12',to_date('18/10/28','RR/MM/DD'),'0','2','9');
Insert into HR.GAMES (ID,TEAM_ID,TEAM_ID2,GAMEDATE,HOMESCORE,AWAYSCORE,ROUND_NUM) values ('136','13','18',to_date('18/11/04','RR/MM/DD'),'1','2','10');
Insert into HR.GAMES (ID,TEAM_ID,TEAM_ID2,GAMEDATE,HOMESCORE,AWAYSCORE,ROUND_NUM) values ('137','20','19',to_date('18/11/04','RR/MM/DD'),'0','2','10');
Insert into HR.GAMES (ID,TEAM_ID,TEAM_ID2,GAMEDATE,HOMESCORE,AWAYSCORE,ROUND_NUM) values ('138','14','17',to_date('18/11/04','RR/MM/DD'),'1','0','10');
Insert into HR.GAMES (ID,TEAM_ID,TEAM_ID2,GAMEDATE,HOMESCORE,AWAYSCORE,ROUND_NUM) values ('139','11','15',to_date('18/11/04','RR/MM/DD'),'1','2','10');
Insert into HR.GAMES (ID,TEAM_ID,TEAM_ID2,GAMEDATE,HOMESCORE,AWAYSCORE,ROUND_NUM) values ('140','12','16',to_date('18/11/04','RR/MM/DD'),'0','1','10');
Insert into HR.GAMES (ID,TEAM_ID,TEAM_ID2,GAMEDATE,HOMESCORE,AWAYSCORE,ROUND_NUM) values ('141','19','18',to_date('18/11/10','RR/MM/DD'),'0','3','11');
Insert into HR.GAMES (ID,TEAM_ID,TEAM_ID2,GAMEDATE,HOMESCORE,AWAYSCORE,ROUND_NUM) values ('142','13','17',to_date('18/11/10','RR/MM/DD'),'1','0','11');
Insert into HR.GAMES (ID,TEAM_ID,TEAM_ID2,GAMEDATE,HOMESCORE,AWAYSCORE,ROUND_NUM) values ('143','20','15',to_date('18/11/10','RR/MM/DD'),'0','2','11');
Insert into HR.GAMES (ID,TEAM_ID,TEAM_ID2,GAMEDATE,HOMESCORE,AWAYSCORE,ROUND_NUM) values ('144','14','16',to_date('18/11/10','RR/MM/DD'),'2','1','11');
Insert into HR.GAMES (ID,TEAM_ID,TEAM_ID2,GAMEDATE,HOMESCORE,AWAYSCORE,ROUND_NUM) values ('145','11','12',to_date('18/11/10','RR/MM/DD'),'0','0','11');
Insert into HR.GAMES (ID,TEAM_ID,TEAM_ID2,GAMEDATE,HOMESCORE,AWAYSCORE,ROUND_NUM) values ('146','15','18',to_date('18/11/18','RR/MM/DD'),'1','4','12');
Insert into HR.GAMES (ID,TEAM_ID,TEAM_ID2,GAMEDATE,HOMESCORE,AWAYSCORE,ROUND_NUM) values ('147','17','16',to_date('18/11/18','RR/MM/DD'),'3','1','12');
Insert into HR.GAMES (ID,TEAM_ID,TEAM_ID2,GAMEDATE,HOMESCORE,AWAYSCORE,ROUND_NUM) values ('148','19','12',to_date('18/11/18','RR/MM/DD'),'3','0','12');
Insert into HR.GAMES (ID,TEAM_ID,TEAM_ID2,GAMEDATE,HOMESCORE,AWAYSCORE,ROUND_NUM) values ('149','13','11',to_date('18/11/18','RR/MM/DD'),'0','2','12');
Insert into HR.GAMES (ID,TEAM_ID,TEAM_ID2,GAMEDATE,HOMESCORE,AWAYSCORE,ROUND_NUM) values ('150','20','14',to_date('18/11/18','RR/MM/DD'),'1','2','12');
Insert into HR.GAMES (ID,TEAM_ID,TEAM_ID2,GAMEDATE,HOMESCORE,AWAYSCORE,ROUND_NUM) values ('151','11','18',to_date('18/11/25','RR/MM/DD'),'1','0','13');
Insert into HR.GAMES (ID,TEAM_ID,TEAM_ID2,GAMEDATE,HOMESCORE,AWAYSCORE,ROUND_NUM) values ('152','12','14',to_date('18/11/25','RR/MM/DD'),'1','2','13');
Insert into HR.GAMES (ID,TEAM_ID,TEAM_ID2,GAMEDATE,HOMESCORE,AWAYSCORE,ROUND_NUM) values ('153','16','20',to_date('18/11/25','RR/MM/DD'),'2','0','13');
Insert into HR.GAMES (ID,TEAM_ID,TEAM_ID2,GAMEDATE,HOMESCORE,AWAYSCORE,ROUND_NUM) values ('154','15','13',to_date('18/11/25','RR/MM/DD'),'1','2','13');
Insert into HR.GAMES (ID,TEAM_ID,TEAM_ID2,GAMEDATE,HOMESCORE,AWAYSCORE,ROUND_NUM) values ('155','17','19',to_date('18/11/25','RR/MM/DD'),'1','3','13');
Insert into HR.GAMES (ID,TEAM_ID,TEAM_ID2,GAMEDATE,HOMESCORE,AWAYSCORE,ROUND_NUM) values ('156','11','20',to_date('18/12/02','RR/MM/DD'),'2','2','14');
Insert into HR.GAMES (ID,TEAM_ID,TEAM_ID2,GAMEDATE,HOMESCORE,AWAYSCORE,ROUND_NUM) values ('157','12','13',to_date('18/12/02','RR/MM/DD'),'1','1','14');
Insert into HR.GAMES (ID,TEAM_ID,TEAM_ID2,GAMEDATE,HOMESCORE,AWAYSCORE,ROUND_NUM) values ('158','16','19',to_date('18/12/02','RR/MM/DD'),'4','1','14');
Insert into HR.GAMES (ID,TEAM_ID,TEAM_ID2,GAMEDATE,HOMESCORE,AWAYSCORE,ROUND_NUM) values ('159','15','17',to_date('18/12/02','RR/MM/DD'),'2','2','14');
Insert into HR.GAMES (ID,TEAM_ID,TEAM_ID2,GAMEDATE,HOMESCORE,AWAYSCORE,ROUND_NUM) values ('160','14','18',to_date('18/12/02','RR/MM/DD'),'1','3','14');
Insert into HR.GAMES (ID,TEAM_ID,TEAM_ID2,GAMEDATE,HOMESCORE,AWAYSCORE,ROUND_NUM) values ('161','12','18',to_date('18/12/09','RR/MM/DD'),'2','3','15');
Insert into HR.GAMES (ID,TEAM_ID,TEAM_ID2,GAMEDATE,HOMESCORE,AWAYSCORE,ROUND_NUM) values ('162','16','11',to_date('18/12/09','RR/MM/DD'),'1','2','15');
Insert into HR.GAMES (ID,TEAM_ID,TEAM_ID2,GAMEDATE,HOMESCORE,AWAYSCORE,ROUND_NUM) values ('163','15','14',to_date('18/12/09','RR/MM/DD'),'1','1','15');
Insert into HR.GAMES (ID,TEAM_ID,TEAM_ID2,GAMEDATE,HOMESCORE,AWAYSCORE,ROUND_NUM) values ('164','17','20',to_date('18/12/09','RR/MM/DD'),'1','0','15');
Insert into HR.GAMES (ID,TEAM_ID,TEAM_ID2,GAMEDATE,HOMESCORE,AWAYSCORE,ROUND_NUM) values ('165','19','13',to_date('18/12/09','RR/MM/DD'),'5','1','15');
Insert into HR.GAMES (ID,TEAM_ID,TEAM_ID2,GAMEDATE,HOMESCORE,AWAYSCORE,ROUND_NUM) values ('166','17','18',to_date('18/12/15','RR/MM/DD'),'1','0','16');
Insert into HR.GAMES (ID,TEAM_ID,TEAM_ID2,GAMEDATE,HOMESCORE,AWAYSCORE,ROUND_NUM) values ('167','19','15',to_date('18/12/15','RR/MM/DD'),'1','1','16');
Insert into HR.GAMES (ID,TEAM_ID,TEAM_ID2,GAMEDATE,HOMESCORE,AWAYSCORE,ROUND_NUM) values ('168','13','16',to_date('18/12/15','RR/MM/DD'),'0','0','16');
Insert into HR.GAMES (ID,TEAM_ID,TEAM_ID2,GAMEDATE,HOMESCORE,AWAYSCORE,ROUND_NUM) values ('169','20','12',to_date('18/12/15','RR/MM/DD'),'0','1','16');
Insert into HR.GAMES (ID,TEAM_ID,TEAM_ID2,GAMEDATE,HOMESCORE,AWAYSCORE,ROUND_NUM) values ('170','14','11',to_date('18/12/15','RR/MM/DD'),'2','2','16');
Insert into HR.GAMES (ID,TEAM_ID,TEAM_ID2,GAMEDATE,HOMESCORE,AWAYSCORE,ROUND_NUM) values ('171','20','18',to_date('18/12/22','RR/MM/DD'),'2','2','17');
Insert into HR.GAMES (ID,TEAM_ID,TEAM_ID2,GAMEDATE,HOMESCORE,AWAYSCORE,ROUND_NUM) values ('172','14','13',to_date('18/12/22','RR/MM/DD'),'1','1','17');
Insert into HR.GAMES (ID,TEAM_ID,TEAM_ID2,GAMEDATE,HOMESCORE,AWAYSCORE,ROUND_NUM) values ('173','11','19',to_date('18/12/22','RR/MM/DD'),'3','0','17');
Insert into HR.GAMES (ID,TEAM_ID,TEAM_ID2,GAMEDATE,HOMESCORE,AWAYSCORE,ROUND_NUM) values ('174','12','17',to_date('18/12/22','RR/MM/DD'),'4','2','17');
Insert into HR.GAMES (ID,TEAM_ID,TEAM_ID2,GAMEDATE,HOMESCORE,AWAYSCORE,ROUND_NUM) values ('175','16','15',to_date('18/12/22','RR/MM/DD'),'1','0','17');
Insert into HR.GAMES (ID,TEAM_ID,TEAM_ID2,GAMEDATE,HOMESCORE,AWAYSCORE,ROUND_NUM) values ('176','16','18',to_date('18/12/29','RR/MM/DD'),'2','1','18');
Insert into HR.GAMES (ID,TEAM_ID,TEAM_ID2,GAMEDATE,HOMESCORE,AWAYSCORE,ROUND_NUM) values ('177','15','12',to_date('18/12/29','RR/MM/DD'),'3','1','18');
Insert into HR.GAMES (ID,TEAM_ID,TEAM_ID2,GAMEDATE,HOMESCORE,AWAYSCORE,ROUND_NUM) values ('178','17','11',to_date('18/12/29','RR/MM/DD'),'1','1','18');
Insert into HR.GAMES (ID,TEAM_ID,TEAM_ID2,GAMEDATE,HOMESCORE,AWAYSCORE,ROUND_NUM) values ('179','19','14',to_date('18/12/29','RR/MM/DD'),'1','1','18');
Insert into HR.GAMES (ID,TEAM_ID,TEAM_ID2,GAMEDATE,HOMESCORE,AWAYSCORE,ROUND_NUM) values ('180','13','20',to_date('18/12/29','RR/MM/DD'),'0','2','18');
Insert into HR.GAMES (ID,TEAM_ID,TEAM_ID2,GAMEDATE,HOMESCORE,AWAYSCORE,ROUND_NUM) values ('181','28','25',to_date('18/09/02','RR/MM/DD'),'2','1','1');
Insert into HR.GAMES (ID,TEAM_ID,TEAM_ID2,GAMEDATE,HOMESCORE,AWAYSCORE,ROUND_NUM) values ('182','26','27',to_date('18/09/02','RR/MM/DD'),'1','1','1');
Insert into HR.GAMES (ID,TEAM_ID,TEAM_ID2,GAMEDATE,HOMESCORE,AWAYSCORE,ROUND_NUM) values ('183','22','29',to_date('18/09/02','RR/MM/DD'),'2','1','1');
Insert into HR.GAMES (ID,TEAM_ID,TEAM_ID2,GAMEDATE,HOMESCORE,AWAYSCORE,ROUND_NUM) values ('184','21','23',to_date('18/09/02','RR/MM/DD'),'0','1','1');
Insert into HR.GAMES (ID,TEAM_ID,TEAM_ID2,GAMEDATE,HOMESCORE,AWAYSCORE,ROUND_NUM) values ('185','24','30',to_date('18/09/02','RR/MM/DD'),'0','1','1');
Insert into HR.GAMES (ID,TEAM_ID,TEAM_ID2,GAMEDATE,HOMESCORE,AWAYSCORE,ROUND_NUM) values ('186','28','27',to_date('18/09/09','RR/MM/DD'),'3','2','2');
Insert into HR.GAMES (ID,TEAM_ID,TEAM_ID2,GAMEDATE,HOMESCORE,AWAYSCORE,ROUND_NUM) values ('187','25','29',to_date('18/09/09','RR/MM/DD'),'0','3','2');
Insert into HR.GAMES (ID,TEAM_ID,TEAM_ID2,GAMEDATE,HOMESCORE,AWAYSCORE,ROUND_NUM) values ('188','26','23',to_date('18/09/09','RR/MM/DD'),'1','2','2');
Insert into HR.GAMES (ID,TEAM_ID,TEAM_ID2,GAMEDATE,HOMESCORE,AWAYSCORE,ROUND_NUM) values ('189','22','30',to_date('18/09/09','RR/MM/DD'),'0','0','2');
Insert into HR.GAMES (ID,TEAM_ID,TEAM_ID2,GAMEDATE,HOMESCORE,AWAYSCORE,ROUND_NUM) values ('190','21','24',to_date('18/09/09','RR/MM/DD'),'3','0','2');
Insert into HR.GAMES (ID,TEAM_ID,TEAM_ID2,GAMEDATE,HOMESCORE,AWAYSCORE,ROUND_NUM) values ('191','30','21',to_date('18/09/16','RR/MM/DD'),'1','0','3');
Insert into HR.GAMES (ID,TEAM_ID,TEAM_ID2,GAMEDATE,HOMESCORE,AWAYSCORE,ROUND_NUM) values ('192','23','22',to_date('18/09/16','RR/MM/DD'),'0','1','3');
Insert into HR.GAMES (ID,TEAM_ID,TEAM_ID2,GAMEDATE,HOMESCORE,AWAYSCORE,ROUND_NUM) values ('193','29','26',to_date('18/09/16','RR/MM/DD'),'1','1','3');
Insert into HR.GAMES (ID,TEAM_ID,TEAM_ID2,GAMEDATE,HOMESCORE,AWAYSCORE,ROUND_NUM) values ('194','27','25',to_date('18/09/16','RR/MM/DD'),'2','0','3');
Insert into HR.GAMES (ID,TEAM_ID,TEAM_ID2,GAMEDATE,HOMESCORE,AWAYSCORE,ROUND_NUM) values ('195','28','24',to_date('18/09/16','RR/MM/DD'),'0','2','3');
Insert into HR.GAMES (ID,TEAM_ID,TEAM_ID2,GAMEDATE,HOMESCORE,AWAYSCORE,ROUND_NUM) values ('196','28','26',to_date('18/09/23','RR/MM/DD'),'2','3','4');
Insert into HR.GAMES (ID,TEAM_ID,TEAM_ID2,GAMEDATE,HOMESCORE,AWAYSCORE,ROUND_NUM) values ('197','22','25',to_date('18/09/23','RR/MM/DD'),'1','3','4');
Insert into HR.GAMES (ID,TEAM_ID,TEAM_ID2,GAMEDATE,HOMESCORE,AWAYSCORE,ROUND_NUM) values ('198','21','27',to_date('18/09/23','RR/MM/DD'),'2','0','4');
Insert into HR.GAMES (ID,TEAM_ID,TEAM_ID2,GAMEDATE,HOMESCORE,AWAYSCORE,ROUND_NUM) values ('199','24','29',to_date('18/09/23','RR/MM/DD'),'2','1','4');
Insert into HR.GAMES (ID,TEAM_ID,TEAM_ID2,GAMEDATE,HOMESCORE,AWAYSCORE,ROUND_NUM) values ('200','30','23',to_date('18/09/23','RR/MM/DD'),'0','1','4');
Insert into HR.GAMES (ID,TEAM_ID,TEAM_ID2,GAMEDATE,HOMESCORE,AWAYSCORE,ROUND_NUM) values ('201','28','30',to_date('18/09/30','RR/MM/DD'),'2','1','5');
Insert into HR.GAMES (ID,TEAM_ID,TEAM_ID2,GAMEDATE,HOMESCORE,AWAYSCORE,ROUND_NUM) values ('202','23','24',to_date('18/09/30','RR/MM/DD'),'0','1','5');
Insert into HR.GAMES (ID,TEAM_ID,TEAM_ID2,GAMEDATE,HOMESCORE,AWAYSCORE,ROUND_NUM) values ('203','29','21',to_date('18/09/30','RR/MM/DD'),'1','0','5');
Insert into HR.GAMES (ID,TEAM_ID,TEAM_ID2,GAMEDATE,HOMESCORE,AWAYSCORE,ROUND_NUM) values ('204','27','22',to_date('18/09/30','RR/MM/DD'),'3','2','5');
Insert into HR.GAMES (ID,TEAM_ID,TEAM_ID2,GAMEDATE,HOMESCORE,AWAYSCORE,ROUND_NUM) values ('205','25','26',to_date('18/09/30','RR/MM/DD'),'2','2','5');
Insert into HR.GAMES (ID,TEAM_ID,TEAM_ID2,GAMEDATE,HOMESCORE,AWAYSCORE,ROUND_NUM) values ('206','28','21',to_date('18/10/07','RR/MM/DD'),'0','1','6');
Insert into HR.GAMES (ID,TEAM_ID,TEAM_ID2,GAMEDATE,HOMESCORE,AWAYSCORE,ROUND_NUM) values ('207','24','22',to_date('18/10/07','RR/MM/DD'),'0','2','6');
Insert into HR.GAMES (ID,TEAM_ID,TEAM_ID2,GAMEDATE,HOMESCORE,AWAYSCORE,ROUND_NUM) values ('208','30','26',to_date('18/10/07','RR/MM/DD'),'3','5','6');
Insert into HR.GAMES (ID,TEAM_ID,TEAM_ID2,GAMEDATE,HOMESCORE,AWAYSCORE,ROUND_NUM) values ('209','23','25',to_date('18/10/07','RR/MM/DD'),'2','3','6');
Insert into HR.GAMES (ID,TEAM_ID,TEAM_ID2,GAMEDATE,HOMESCORE,AWAYSCORE,ROUND_NUM) values ('210','29','27',to_date('18/10/07','RR/MM/DD'),'0','2','6');
Insert into HR.GAMES (ID,TEAM_ID,TEAM_ID2,GAMEDATE,HOMESCORE,AWAYSCORE,ROUND_NUM) values ('211','28','22',to_date('18/10/13','RR/MM/DD'),'1','1','7');
Insert into HR.GAMES (ID,TEAM_ID,TEAM_ID2,GAMEDATE,HOMESCORE,AWAYSCORE,ROUND_NUM) values ('212','21','26',to_date('18/10/13','RR/MM/DD'),'1','0','7');
Insert into HR.GAMES (ID,TEAM_ID,TEAM_ID2,GAMEDATE,HOMESCORE,AWAYSCORE,ROUND_NUM) values ('213','24','25',to_date('18/10/13','RR/MM/DD'),'0','1','7');
Insert into HR.GAMES (ID,TEAM_ID,TEAM_ID2,GAMEDATE,HOMESCORE,AWAYSCORE,ROUND_NUM) values ('214','30','27',to_date('18/10/13','RR/MM/DD'),'1','2','7');
Insert into HR.GAMES (ID,TEAM_ID,TEAM_ID2,GAMEDATE,HOMESCORE,AWAYSCORE,ROUND_NUM) values ('215','23','29',to_date('18/10/13','RR/MM/DD'),'1','3','7');
Insert into HR.GAMES (ID,TEAM_ID,TEAM_ID2,GAMEDATE,HOMESCORE,AWAYSCORE,ROUND_NUM) values ('216','28','29',to_date('18/10/20','RR/MM/DD'),'1','1','8');
Insert into HR.GAMES (ID,TEAM_ID,TEAM_ID2,GAMEDATE,HOMESCORE,AWAYSCORE,ROUND_NUM) values ('217','27','23',to_date('18/10/20','RR/MM/DD'),'2','2','8');
Insert into HR.GAMES (ID,TEAM_ID,TEAM_ID2,GAMEDATE,HOMESCORE,AWAYSCORE,ROUND_NUM) values ('218','25','30',to_date('18/10/20','RR/MM/DD'),'2','1','8');
Insert into HR.GAMES (ID,TEAM_ID,TEAM_ID2,GAMEDATE,HOMESCORE,AWAYSCORE,ROUND_NUM) values ('219','26','24',to_date('18/10/20','RR/MM/DD'),'0','1','8');
Insert into HR.GAMES (ID,TEAM_ID,TEAM_ID2,GAMEDATE,HOMESCORE,AWAYSCORE,ROUND_NUM) values ('220','22','21',to_date('18/10/20','RR/MM/DD'),'1','2','8');
Insert into HR.GAMES (ID,TEAM_ID,TEAM_ID2,GAMEDATE,HOMESCORE,AWAYSCORE,ROUND_NUM) values ('221','28','23',to_date('18/10/28','RR/MM/DD'),'2','2','9');
Insert into HR.GAMES (ID,TEAM_ID,TEAM_ID2,GAMEDATE,HOMESCORE,AWAYSCORE,ROUND_NUM) values ('222','29','30',to_date('18/10/28','RR/MM/DD'),'4','0','9');
Insert into HR.GAMES (ID,TEAM_ID,TEAM_ID2,GAMEDATE,HOMESCORE,AWAYSCORE,ROUND_NUM) values ('223','27','24',to_date('18/10/28','RR/MM/DD'),'1','2','9');
Insert into HR.GAMES (ID,TEAM_ID,TEAM_ID2,GAMEDATE,HOMESCORE,AWAYSCORE,ROUND_NUM) values ('224','25','21',to_date('18/10/28','RR/MM/DD'),'0','1','9');
Insert into HR.GAMES (ID,TEAM_ID,TEAM_ID2,GAMEDATE,HOMESCORE,AWAYSCORE,ROUND_NUM) values ('225','26','22',to_date('18/10/28','RR/MM/DD'),'0','2','9');
Insert into HR.GAMES (ID,TEAM_ID,TEAM_ID2,GAMEDATE,HOMESCORE,AWAYSCORE,ROUND_NUM) values ('226','23','28',to_date('18/11/04','RR/MM/DD'),'4','1','10');
Insert into HR.GAMES (ID,TEAM_ID,TEAM_ID2,GAMEDATE,HOMESCORE,AWAYSCORE,ROUND_NUM) values ('227','30','29',to_date('18/11/04','RR/MM/DD'),'0','3','10');
Insert into HR.GAMES (ID,TEAM_ID,TEAM_ID2,GAMEDATE,HOMESCORE,AWAYSCORE,ROUND_NUM) values ('228','24','27',to_date('18/11/04','RR/MM/DD'),'2','1','10');
Insert into HR.GAMES (ID,TEAM_ID,TEAM_ID2,GAMEDATE,HOMESCORE,AWAYSCORE,ROUND_NUM) values ('229','21','25',to_date('18/11/04','RR/MM/DD'),'1','1','10');
Insert into HR.GAMES (ID,TEAM_ID,TEAM_ID2,GAMEDATE,HOMESCORE,AWAYSCORE,ROUND_NUM) values ('230','22','26',to_date('18/11/04','RR/MM/DD'),'0','1','10');
Insert into HR.GAMES (ID,TEAM_ID,TEAM_ID2,GAMEDATE,HOMESCORE,AWAYSCORE,ROUND_NUM) values ('231','29','28',to_date('18/11/10','RR/MM/DD'),'0','3','11');
Insert into HR.GAMES (ID,TEAM_ID,TEAM_ID2,GAMEDATE,HOMESCORE,AWAYSCORE,ROUND_NUM) values ('232','23','27',to_date('18/11/10','RR/MM/DD'),'1','0','11');
Insert into HR.GAMES (ID,TEAM_ID,TEAM_ID2,GAMEDATE,HOMESCORE,AWAYSCORE,ROUND_NUM) values ('233','30','25',to_date('18/11/10','RR/MM/DD'),'0','2','11');
Insert into HR.GAMES (ID,TEAM_ID,TEAM_ID2,GAMEDATE,HOMESCORE,AWAYSCORE,ROUND_NUM) values ('234','24','26',to_date('18/11/10','RR/MM/DD'),'2','1','11');
Insert into HR.GAMES (ID,TEAM_ID,TEAM_ID2,GAMEDATE,HOMESCORE,AWAYSCORE,ROUND_NUM) values ('235','21','22',to_date('18/11/10','RR/MM/DD'),'0','0','11');
Insert into HR.GAMES (ID,TEAM_ID,TEAM_ID2,GAMEDATE,HOMESCORE,AWAYSCORE,ROUND_NUM) values ('236','25','28',to_date('18/11/18','RR/MM/DD'),'1','4','12');
Insert into HR.GAMES (ID,TEAM_ID,TEAM_ID2,GAMEDATE,HOMESCORE,AWAYSCORE,ROUND_NUM) values ('237','27','26',to_date('18/11/18','RR/MM/DD'),'3','1','12');
Insert into HR.GAMES (ID,TEAM_ID,TEAM_ID2,GAMEDATE,HOMESCORE,AWAYSCORE,ROUND_NUM) values ('238','29','22',to_date('18/11/18','RR/MM/DD'),'3','0','12');
Insert into HR.GAMES (ID,TEAM_ID,TEAM_ID2,GAMEDATE,HOMESCORE,AWAYSCORE,ROUND_NUM) values ('239','23','21',to_date('18/11/18','RR/MM/DD'),'0','2','12');
Insert into HR.GAMES (ID,TEAM_ID,TEAM_ID2,GAMEDATE,HOMESCORE,AWAYSCORE,ROUND_NUM) values ('240','30','24',to_date('18/11/18','RR/MM/DD'),'1','2','12');
Insert into HR.GAMES (ID,TEAM_ID,TEAM_ID2,GAMEDATE,HOMESCORE,AWAYSCORE,ROUND_NUM) values ('241','21','28',to_date('18/11/25','RR/MM/DD'),'1','0','13');
Insert into HR.GAMES (ID,TEAM_ID,TEAM_ID2,GAMEDATE,HOMESCORE,AWAYSCORE,ROUND_NUM) values ('242','22','24',to_date('18/11/25','RR/MM/DD'),'1','2','13');
Insert into HR.GAMES (ID,TEAM_ID,TEAM_ID2,GAMEDATE,HOMESCORE,AWAYSCORE,ROUND_NUM) values ('243','26','30',to_date('18/11/25','RR/MM/DD'),'2','0','13');
Insert into HR.GAMES (ID,TEAM_ID,TEAM_ID2,GAMEDATE,HOMESCORE,AWAYSCORE,ROUND_NUM) values ('244','25','23',to_date('18/11/25','RR/MM/DD'),'1','2','13');
Insert into HR.GAMES (ID,TEAM_ID,TEAM_ID2,GAMEDATE,HOMESCORE,AWAYSCORE,ROUND_NUM) values ('245','27','29',to_date('18/11/25','RR/MM/DD'),'1','3','13');
Insert into HR.GAMES (ID,TEAM_ID,TEAM_ID2,GAMEDATE,HOMESCORE,AWAYSCORE,ROUND_NUM) values ('246','21','30',to_date('18/12/02','RR/MM/DD'),'2','2','14');
Insert into HR.GAMES (ID,TEAM_ID,TEAM_ID2,GAMEDATE,HOMESCORE,AWAYSCORE,ROUND_NUM) values ('247','22','23',to_date('18/12/02','RR/MM/DD'),'1','1','14');
Insert into HR.GAMES (ID,TEAM_ID,TEAM_ID2,GAMEDATE,HOMESCORE,AWAYSCORE,ROUND_NUM) values ('248','26','29',to_date('18/12/02','RR/MM/DD'),'4','1','14');
Insert into HR.GAMES (ID,TEAM_ID,TEAM_ID2,GAMEDATE,HOMESCORE,AWAYSCORE,ROUND_NUM) values ('249','25','27',to_date('18/12/02','RR/MM/DD'),'2','2','14');
Insert into HR.GAMES (ID,TEAM_ID,TEAM_ID2,GAMEDATE,HOMESCORE,AWAYSCORE,ROUND_NUM) values ('250','24','28',to_date('18/12/02','RR/MM/DD'),'1','3','14');
Insert into HR.GAMES (ID,TEAM_ID,TEAM_ID2,GAMEDATE,HOMESCORE,AWAYSCORE,ROUND_NUM) values ('251','22','28',to_date('18/12/09','RR/MM/DD'),'1','0','15');
Insert into HR.GAMES (ID,TEAM_ID,TEAM_ID2,GAMEDATE,HOMESCORE,AWAYSCORE,ROUND_NUM) values ('252','26','21',to_date('18/12/09','RR/MM/DD'),'4','1','15');
Insert into HR.GAMES (ID,TEAM_ID,TEAM_ID2,GAMEDATE,HOMESCORE,AWAYSCORE,ROUND_NUM) values ('253','25','24',to_date('18/12/09','RR/MM/DD'),'0','1','15');
Insert into HR.GAMES (ID,TEAM_ID,TEAM_ID2,GAMEDATE,HOMESCORE,AWAYSCORE,ROUND_NUM) values ('254','27','30',to_date('18/12/09','RR/MM/DD'),'0','1','15');
Insert into HR.GAMES (ID,TEAM_ID,TEAM_ID2,GAMEDATE,HOMESCORE,AWAYSCORE,ROUND_NUM) values ('255','29','23',to_date('18/12/09','RR/MM/DD'),'1','0','15');
Insert into HR.GAMES (ID,TEAM_ID,TEAM_ID2,GAMEDATE,HOMESCORE,AWAYSCORE,ROUND_NUM) values ('256','27','28',to_date('18/12/15','RR/MM/DD'),'1','0','16');
Insert into HR.GAMES (ID,TEAM_ID,TEAM_ID2,GAMEDATE,HOMESCORE,AWAYSCORE,ROUND_NUM) values ('257','29','25',to_date('18/12/15','RR/MM/DD'),'1','1','16');
Insert into HR.GAMES (ID,TEAM_ID,TEAM_ID2,GAMEDATE,HOMESCORE,AWAYSCORE,ROUND_NUM) values ('258','23','26',to_date('18/12/15','RR/MM/DD'),'0','0','16');
Insert into HR.GAMES (ID,TEAM_ID,TEAM_ID2,GAMEDATE,HOMESCORE,AWAYSCORE,ROUND_NUM) values ('259','30','22',to_date('18/12/15','RR/MM/DD'),'0','1','16');
Insert into HR.GAMES (ID,TEAM_ID,TEAM_ID2,GAMEDATE,HOMESCORE,AWAYSCORE,ROUND_NUM) values ('260','24','21',to_date('18/12/15','RR/MM/DD'),'2','2','16');
Insert into HR.GAMES (ID,TEAM_ID,TEAM_ID2,GAMEDATE,HOMESCORE,AWAYSCORE,ROUND_NUM) values ('261','30','28',to_date('18/12/22','RR/MM/DD'),'1','0','17');
Insert into HR.GAMES (ID,TEAM_ID,TEAM_ID2,GAMEDATE,HOMESCORE,AWAYSCORE,ROUND_NUM) values ('262','24','23',to_date('18/12/22','RR/MM/DD'),'2','2','17');
Insert into HR.GAMES (ID,TEAM_ID,TEAM_ID2,GAMEDATE,HOMESCORE,AWAYSCORE,ROUND_NUM) values ('263','21','29',to_date('18/12/22','RR/MM/DD'),'0','0','17');
Insert into HR.GAMES (ID,TEAM_ID,TEAM_ID2,GAMEDATE,HOMESCORE,AWAYSCORE,ROUND_NUM) values ('264','22','27',to_date('18/12/22','RR/MM/DD'),'2','1','17');
Insert into HR.GAMES (ID,TEAM_ID,TEAM_ID2,GAMEDATE,HOMESCORE,AWAYSCORE,ROUND_NUM) values ('265','26','25',to_date('18/12/22','RR/MM/DD'),'1','1','17');
Insert into HR.GAMES (ID,TEAM_ID,TEAM_ID2,GAMEDATE,HOMESCORE,AWAYSCORE,ROUND_NUM) values ('266','26','28',to_date('18/12/29','RR/MM/DD'),'2','1','18');
Insert into HR.GAMES (ID,TEAM_ID,TEAM_ID2,GAMEDATE,HOMESCORE,AWAYSCORE,ROUND_NUM) values ('267','25','22',to_date('18/12/29','RR/MM/DD'),'3','1','18');
Insert into HR.GAMES (ID,TEAM_ID,TEAM_ID2,GAMEDATE,HOMESCORE,AWAYSCORE,ROUND_NUM) values ('268','27','21',to_date('18/12/29','RR/MM/DD'),'1','1','18');
Insert into HR.GAMES (ID,TEAM_ID,TEAM_ID2,GAMEDATE,HOMESCORE,AWAYSCORE,ROUND_NUM) values ('269','29','24',to_date('18/12/29','RR/MM/DD'),'1','1','18');
Insert into HR.GAMES (ID,TEAM_ID,TEAM_ID2,GAMEDATE,HOMESCORE,AWAYSCORE,ROUND_NUM) values ('270','23','30',to_date('18/12/29','RR/MM/DD'),'0','2','18');
REM INSERTING into HR.LEAGUES
SET DEFINE OFF;
Insert into HR.LEAGUES (ID,NAME,COUNTRY) values ('1','La Liga','Spain');
Insert into HR.LEAGUES (ID,NAME,COUNTRY) values ('2','Premier League','England');
Insert into HR.LEAGUES (ID,NAME,COUNTRY) values ('3','Ekstraklasa','Poland');
REM INSERTING into HR.PLAYERS
SET DEFINE OFF;
Insert into HR.PLAYERS (ID,FIRSTNAME,LASTNAME,SHIRTNUMBER,NATIONALITY,TEAM_ID,POSITION,DATE_OF_BIRTH) values ('178','Lucian','Maldonado','2','Timor-leste','17','LM',to_date('90/10/26','RR/MM/DD'));
Insert into HR.PLAYERS (ID,FIRSTNAME,LASTNAME,SHIRTNUMBER,NATIONALITY,TEAM_ID,POSITION,DATE_OF_BIRTH) values ('179','Daquan','Huff','3','Djibouti','17','CB',to_date('95/02/28','RR/MM/DD'));
Insert into HR.PLAYERS (ID,FIRSTNAME,LASTNAME,SHIRTNUMBER,NATIONALITY,TEAM_ID,POSITION,DATE_OF_BIRTH) values ('180','Clark','Simmons','4','Egypt','17','CB',to_date('98/04/04','RR/MM/DD'));
Insert into HR.PLAYERS (ID,FIRSTNAME,LASTNAME,SHIRTNUMBER,NATIONALITY,TEAM_ID,POSITION,DATE_OF_BIRTH) values ('181','Salvador','Hall','5','Rwanda','17','ST',to_date('93/12/20','RR/MM/DD'));
Insert into HR.PLAYERS (ID,FIRSTNAME,LASTNAME,SHIRTNUMBER,NATIONALITY,TEAM_ID,POSITION,DATE_OF_BIRTH) values ('182','Benjamin','Moran','6','Greece','17','CB',to_date('93/04/11','RR/MM/DD'));
Insert into HR.PLAYERS (ID,FIRSTNAME,LASTNAME,SHIRTNUMBER,NATIONALITY,TEAM_ID,POSITION,DATE_OF_BIRTH) values ('183','Calvin','Davenport','7','Ethiopia','17','CB',to_date('91/03/13','RR/MM/DD'));
Insert into HR.PLAYERS (ID,FIRSTNAME,LASTNAME,SHIRTNUMBER,NATIONALITY,TEAM_ID,POSITION,DATE_OF_BIRTH) values ('184','Edward','Santiago','8','Trinidad and Tobago','17','GK',to_date('97/11/16','RR/MM/DD'));
Insert into HR.PLAYERS (ID,FIRSTNAME,LASTNAME,SHIRTNUMBER,NATIONALITY,TEAM_ID,POSITION,DATE_OF_BIRTH) values ('185','Dorian','Good','9','French Southern Territories','17','RM',to_date('86/12/04','RR/MM/DD'));
Insert into HR.PLAYERS (ID,FIRSTNAME,LASTNAME,SHIRTNUMBER,NATIONALITY,TEAM_ID,POSITION,DATE_OF_BIRTH) values ('186','Louis','Long','10','Somalia','17','LW',to_date('96/07/23','RR/MM/DD'));
Insert into HR.PLAYERS (ID,FIRSTNAME,LASTNAME,SHIRTNUMBER,NATIONALITY,TEAM_ID,POSITION,DATE_OF_BIRTH) values ('187','Kirk','Burke','11','Tajikistan','17','LM',to_date('87/04/06','RR/MM/DD'));
Insert into HR.PLAYERS (ID,FIRSTNAME,LASTNAME,SHIRTNUMBER,NATIONALITY,TEAM_ID,POSITION,DATE_OF_BIRTH) values ('166','Jarrod','Beach','1','Bulgaria','16','LW',to_date('96/02/02','RR/MM/DD'));
Insert into HR.PLAYERS (ID,FIRSTNAME,LASTNAME,SHIRTNUMBER,NATIONALITY,TEAM_ID,POSITION,DATE_OF_BIRTH) values ('167','Ralph','Tate','2','Indonesia','16','CDM',to_date('86/02/11','RR/MM/DD'));
Insert into HR.PLAYERS (ID,FIRSTNAME,LASTNAME,SHIRTNUMBER,NATIONALITY,TEAM_ID,POSITION,DATE_OF_BIRTH) values ('168','Alan','Kent','3','Russian Federation','16','CB',to_date('97/05/29','RR/MM/DD'));
Insert into HR.PLAYERS (ID,FIRSTNAME,LASTNAME,SHIRTNUMBER,NATIONALITY,TEAM_ID,POSITION,DATE_OF_BIRTH) values ('169','Yasir','Peck','4','Armenia','16','LW',to_date('94/10/17','RR/MM/DD'));
Insert into HR.PLAYERS (ID,FIRSTNAME,LASTNAME,SHIRTNUMBER,NATIONALITY,TEAM_ID,POSITION,DATE_OF_BIRTH) values ('170','Lars','Gibbs','5','Lebanon','16','RF',to_date('86/03/22','RR/MM/DD'));
Insert into HR.PLAYERS (ID,FIRSTNAME,LASTNAME,SHIRTNUMBER,NATIONALITY,TEAM_ID,POSITION,DATE_OF_BIRTH) values ('171','Jasper','Austin','6','Guadeloupe','16','CB',to_date('97/08/18','RR/MM/DD'));
Insert into HR.PLAYERS (ID,FIRSTNAME,LASTNAME,SHIRTNUMBER,NATIONALITY,TEAM_ID,POSITION,DATE_OF_BIRTH) values ('172','Jamal','Peck','7','China','16','RB',to_date('86/08/27','RR/MM/DD'));
Insert into HR.PLAYERS (ID,FIRSTNAME,LASTNAME,SHIRTNUMBER,NATIONALITY,TEAM_ID,POSITION,DATE_OF_BIRTH) values ('173','Donovan','Chang','8','Czech Republic','16','GK',to_date('86/02/23','RR/MM/DD'));
Insert into HR.PLAYERS (ID,FIRSTNAME,LASTNAME,SHIRTNUMBER,NATIONALITY,TEAM_ID,POSITION,DATE_OF_BIRTH) values ('174','Ulric','Mcmahon','9','Namibia','16','CDM',to_date('96/03/03','RR/MM/DD'));
Insert into HR.PLAYERS (ID,FIRSTNAME,LASTNAME,SHIRTNUMBER,NATIONALITY,TEAM_ID,POSITION,DATE_OF_BIRTH) values ('175','Fletcher','Benjamin','10','Albania','16','RB',to_date('87/07/12','RR/MM/DD'));
Insert into HR.PLAYERS (ID,FIRSTNAME,LASTNAME,SHIRTNUMBER,NATIONALITY,TEAM_ID,POSITION,DATE_OF_BIRTH) values ('176','Lane','Goodman','11','Lesotho','16','CB',to_date('82/10/09','RR/MM/DD'));
Insert into HR.PLAYERS (ID,FIRSTNAME,LASTNAME,SHIRTNUMBER,NATIONALITY,TEAM_ID,POSITION,DATE_OF_BIRTH) values ('155','Omar','Wilson','1','Mongolia','15','RB',to_date('95/09/12','RR/MM/DD'));
Insert into HR.PLAYERS (ID,FIRSTNAME,LASTNAME,SHIRTNUMBER,NATIONALITY,TEAM_ID,POSITION,DATE_OF_BIRTH) values ('156','Xenos','Shepard','2','Bouvet Island','15','LF',to_date('83/05/31','RR/MM/DD'));
Insert into HR.PLAYERS (ID,FIRSTNAME,LASTNAME,SHIRTNUMBER,NATIONALITY,TEAM_ID,POSITION,DATE_OF_BIRTH) values ('157','Holmes','Mccormick','3','New Zealand','15','RW',to_date('92/07/26','RR/MM/DD'));
Insert into HR.PLAYERS (ID,FIRSTNAME,LASTNAME,SHIRTNUMBER,NATIONALITY,TEAM_ID,POSITION,DATE_OF_BIRTH) values ('158','Colt','Fitzpatrick','4','Lithuania','15','CB',to_date('93/09/16','RR/MM/DD'));
Insert into HR.PLAYERS (ID,FIRSTNAME,LASTNAME,SHIRTNUMBER,NATIONALITY,TEAM_ID,POSITION,DATE_OF_BIRTH) values ('159','Benjamin','Bradshaw','5','Falkland Islands (Malvinas)','15','CDM',to_date('83/02/19','RR/MM/DD'));
Insert into HR.PLAYERS (ID,FIRSTNAME,LASTNAME,SHIRTNUMBER,NATIONALITY,TEAM_ID,POSITION,DATE_OF_BIRTH) values ('160','Arden','Cote','6','Greece','15','RB',to_date('89/03/05','RR/MM/DD'));
Insert into HR.PLAYERS (ID,FIRSTNAME,LASTNAME,SHIRTNUMBER,NATIONALITY,TEAM_ID,POSITION,DATE_OF_BIRTH) values ('161','Igor','Thomas','7','Holy See (Vatican City State)','15','RF',to_date('86/03/16','RR/MM/DD'));
Insert into HR.PLAYERS (ID,FIRSTNAME,LASTNAME,SHIRTNUMBER,NATIONALITY,TEAM_ID,POSITION,DATE_OF_BIRTH) values ('162','Jared','Barlow','8','Burkina Faso','15','CM',to_date('88/07/04','RR/MM/DD'));
Insert into HR.PLAYERS (ID,FIRSTNAME,LASTNAME,SHIRTNUMBER,NATIONALITY,TEAM_ID,POSITION,DATE_OF_BIRTH) values ('163','Magee','Hunt','9','Andorra','15','GK',to_date('91/01/25','RR/MM/DD'));
Insert into HR.PLAYERS (ID,FIRSTNAME,LASTNAME,SHIRTNUMBER,NATIONALITY,TEAM_ID,POSITION,DATE_OF_BIRTH) values ('164','Chandler','Hartman','10','Bosnia and Herzegovina','15','CB',to_date('92/08/03','RR/MM/DD'));
Insert into HR.PLAYERS (ID,FIRSTNAME,LASTNAME,SHIRTNUMBER,NATIONALITY,TEAM_ID,POSITION,DATE_OF_BIRTH) values ('165','Baxter','Sims','11','Bhutan','15','RM',to_date('96/07/25','RR/MM/DD'));
Insert into HR.PLAYERS (ID,FIRSTNAME,LASTNAME,SHIRTNUMBER,NATIONALITY,TEAM_ID,POSITION,DATE_OF_BIRTH) values ('144','Dieter','Tucker','1','Netherlands','14','LF',to_date('95/02/13','RR/MM/DD'));
Insert into HR.PLAYERS (ID,FIRSTNAME,LASTNAME,SHIRTNUMBER,NATIONALITY,TEAM_ID,POSITION,DATE_OF_BIRTH) values ('146','Thaddeus','Patel','3','Micronesia','14','CM',to_date('94/04/13','RR/MM/DD'));
Insert into HR.PLAYERS (ID,FIRSTNAME,LASTNAME,SHIRTNUMBER,NATIONALITY,TEAM_ID,POSITION,DATE_OF_BIRTH) values ('147','Flynn','Horn','4','Western Sahara','14','CM',to_date('93/06/19','RR/MM/DD'));
Insert into HR.PLAYERS (ID,FIRSTNAME,LASTNAME,SHIRTNUMBER,NATIONALITY,TEAM_ID,POSITION,DATE_OF_BIRTH) values ('148','Timon','Richardson','5','Morocco','14','CB',to_date('84/09/16','RR/MM/DD'));
Insert into HR.PLAYERS (ID,FIRSTNAME,LASTNAME,SHIRTNUMBER,NATIONALITY,TEAM_ID,POSITION,DATE_OF_BIRTH) values ('149','Garth','Hartman','6','Kiribati','14','GK',to_date('96/06/14','RR/MM/DD'));
Insert into HR.PLAYERS (ID,FIRSTNAME,LASTNAME,SHIRTNUMBER,NATIONALITY,TEAM_ID,POSITION,DATE_OF_BIRTH) values ('150','Kermit','Oconnor','7','Mali','14','CDM',to_date('97/12/24','RR/MM/DD'));
Insert into HR.PLAYERS (ID,FIRSTNAME,LASTNAME,SHIRTNUMBER,NATIONALITY,TEAM_ID,POSITION,DATE_OF_BIRTH) values ('151','Merritt','Quinn','8','Cape Verde','14','CDM',to_date('83/01/21','RR/MM/DD'));
Insert into HR.PLAYERS (ID,FIRSTNAME,LASTNAME,SHIRTNUMBER,NATIONALITY,TEAM_ID,POSITION,DATE_OF_BIRTH) values ('152','Demetrius','Reynolds','9','Australia','14','ST',to_date('90/10/07','RR/MM/DD'));
Insert into HR.PLAYERS (ID,FIRSTNAME,LASTNAME,SHIRTNUMBER,NATIONALITY,TEAM_ID,POSITION,DATE_OF_BIRTH) values ('153','Owen','Molina','10','United Arab Emirates','14','ST',to_date('88/06/24','RR/MM/DD'));
Insert into HR.PLAYERS (ID,FIRSTNAME,LASTNAME,SHIRTNUMBER,NATIONALITY,TEAM_ID,POSITION,DATE_OF_BIRTH) values ('154','Kasper','Goodwin','11','Bhutan','14','LF',to_date('88/03/29','RR/MM/DD'));
Insert into HR.PLAYERS (ID,FIRSTNAME,LASTNAME,SHIRTNUMBER,NATIONALITY,TEAM_ID,POSITION,DATE_OF_BIRTH) values ('133','Reed','Griffin','1','Bouvet Island','13','CB',to_date('95/01/15','RR/MM/DD'));
Insert into HR.PLAYERS (ID,FIRSTNAME,LASTNAME,SHIRTNUMBER,NATIONALITY,TEAM_ID,POSITION,DATE_OF_BIRTH) values ('134','Gary','Roach','2','Armenia','13','CM',to_date('95/12/28','RR/MM/DD'));
Insert into HR.PLAYERS (ID,FIRSTNAME,LASTNAME,SHIRTNUMBER,NATIONALITY,TEAM_ID,POSITION,DATE_OF_BIRTH) values ('135','Garth','Schmidt','3','Sudan','13','RW',to_date('97/07/24','RR/MM/DD'));
Insert into HR.PLAYERS (ID,FIRSTNAME,LASTNAME,SHIRTNUMBER,NATIONALITY,TEAM_ID,POSITION,DATE_OF_BIRTH) values ('136','Richard','Jackson','4','Hungary','13','CB',to_date('85/02/15','RR/MM/DD'));
Insert into HR.PLAYERS (ID,FIRSTNAME,LASTNAME,SHIRTNUMBER,NATIONALITY,TEAM_ID,POSITION,DATE_OF_BIRTH) values ('137','Brock','Delaney','5','Brunei Darussalam','13','ST',to_date('84/12/10','RR/MM/DD'));
Insert into HR.PLAYERS (ID,FIRSTNAME,LASTNAME,SHIRTNUMBER,NATIONALITY,TEAM_ID,POSITION,DATE_OF_BIRTH) values ('138','Bert','Garza','6','Taiwan, Province of China','13','RF',to_date('82/09/04','RR/MM/DD'));
Insert into HR.PLAYERS (ID,FIRSTNAME,LASTNAME,SHIRTNUMBER,NATIONALITY,TEAM_ID,POSITION,DATE_OF_BIRTH) values ('139','Gregory','Salinas','7','Monaco','13','RF',to_date('98/05/06','RR/MM/DD'));
Insert into HR.PLAYERS (ID,FIRSTNAME,LASTNAME,SHIRTNUMBER,NATIONALITY,TEAM_ID,POSITION,DATE_OF_BIRTH) values ('140','Leonard','Reynolds','8','Ethiopia','13','CB',to_date('91/11/08','RR/MM/DD'));
Insert into HR.PLAYERS (ID,FIRSTNAME,LASTNAME,SHIRTNUMBER,NATIONALITY,TEAM_ID,POSITION,DATE_OF_BIRTH) values ('141','Hakeem','Landry','9','Ecuador','13','GK',to_date('97/07/31','RR/MM/DD'));
Insert into HR.PLAYERS (ID,FIRSTNAME,LASTNAME,SHIRTNUMBER,NATIONALITY,TEAM_ID,POSITION,DATE_OF_BIRTH) values ('142','Hasad','Lamb','10','Sao Tome and Principe','13','ST',to_date('85/10/20','RR/MM/DD'));
Insert into HR.PLAYERS (ID,FIRSTNAME,LASTNAME,SHIRTNUMBER,NATIONALITY,TEAM_ID,POSITION,DATE_OF_BIRTH) values ('143','Xander','Lambert','11','Senegal','13','LB',to_date('94/12/26','RR/MM/DD'));
Insert into HR.PLAYERS (ID,FIRSTNAME,LASTNAME,SHIRTNUMBER,NATIONALITY,TEAM_ID,POSITION,DATE_OF_BIRTH) values ('122','Gil','Dorsey','1','Macedonia','12','CM',to_date('86/03/02','RR/MM/DD'));
Insert into HR.PLAYERS (ID,FIRSTNAME,LASTNAME,SHIRTNUMBER,NATIONALITY,TEAM_ID,POSITION,DATE_OF_BIRTH) values ('123','Fulton','Howard','2','Guinea','12','CB',to_date('95/02/02','RR/MM/DD'));
Insert into HR.PLAYERS (ID,FIRSTNAME,LASTNAME,SHIRTNUMBER,NATIONALITY,TEAM_ID,POSITION,DATE_OF_BIRTH) values ('124','Dane','Wilkinson','3','Brazil','12','CB',to_date('85/11/19','RR/MM/DD'));
Insert into HR.PLAYERS (ID,FIRSTNAME,LASTNAME,SHIRTNUMBER,NATIONALITY,TEAM_ID,POSITION,DATE_OF_BIRTH) values ('125','Ferris','Estes','4','Chad','12','CB',to_date('87/11/23','RR/MM/DD'));
Insert into HR.PLAYERS (ID,FIRSTNAME,LASTNAME,SHIRTNUMBER,NATIONALITY,TEAM_ID,POSITION,DATE_OF_BIRTH) values ('126','Zane','Villarreal','5','Uruguay','12','CB',to_date('86/07/11','RR/MM/DD'));
Insert into HR.PLAYERS (ID,FIRSTNAME,LASTNAME,SHIRTNUMBER,NATIONALITY,TEAM_ID,POSITION,DATE_OF_BIRTH) values ('127','Howard','Munoz','6','Norfolk Island','12','RF',to_date('86/04/04','RR/MM/DD'));
Insert into HR.PLAYERS (ID,FIRSTNAME,LASTNAME,SHIRTNUMBER,NATIONALITY,TEAM_ID,POSITION,DATE_OF_BIRTH) values ('128','Amal','Holmes','7','Tokelau','12','CB',to_date('91/02/11','RR/MM/DD'));
Insert into HR.PLAYERS (ID,FIRSTNAME,LASTNAME,SHIRTNUMBER,NATIONALITY,TEAM_ID,POSITION,DATE_OF_BIRTH) values ('129','Gary','Hendrix','8','France','12','LF',to_date('85/05/02','RR/MM/DD'));
Insert into HR.PLAYERS (ID,FIRSTNAME,LASTNAME,SHIRTNUMBER,NATIONALITY,TEAM_ID,POSITION,DATE_OF_BIRTH) values ('130','Cairo','Justice','9','China','12','GK',to_date('90/08/16','RR/MM/DD'));
Insert into HR.PLAYERS (ID,FIRSTNAME,LASTNAME,SHIRTNUMBER,NATIONALITY,TEAM_ID,POSITION,DATE_OF_BIRTH) values ('131','Timon','Griffith','10','Iran, Islamic Republic of','12','CM',to_date('83/11/07','RR/MM/DD'));
Insert into HR.PLAYERS (ID,FIRSTNAME,LASTNAME,SHIRTNUMBER,NATIONALITY,TEAM_ID,POSITION,DATE_OF_BIRTH) values ('132','Matthew','Lowe','11','New Caledonia','12','LF',to_date('89/04/28','RR/MM/DD'));
Insert into HR.PLAYERS (ID,FIRSTNAME,LASTNAME,SHIRTNUMBER,NATIONALITY,TEAM_ID,POSITION,DATE_OF_BIRTH) values ('111','Talon','Kinney','1','San Marino','11','LB',to_date('97/08/04','RR/MM/DD'));
Insert into HR.PLAYERS (ID,FIRSTNAME,LASTNAME,SHIRTNUMBER,NATIONALITY,TEAM_ID,POSITION,DATE_OF_BIRTH) values ('112','Melvin','Wade','2','Bulgaria','11','LW',to_date('85/04/18','RR/MM/DD'));
Insert into HR.PLAYERS (ID,FIRSTNAME,LASTNAME,SHIRTNUMBER,NATIONALITY,TEAM_ID,POSITION,DATE_OF_BIRTH) values ('113','Charles','Harrell','3','Djibouti','11','RM',to_date('94/07/22','RR/MM/DD'));
Insert into HR.PLAYERS (ID,FIRSTNAME,LASTNAME,SHIRTNUMBER,NATIONALITY,TEAM_ID,POSITION,DATE_OF_BIRTH) values ('114','Hasad','Andrews','4','Germany','11','CB',to_date('97/02/10','RR/MM/DD'));
Insert into HR.PLAYERS (ID,FIRSTNAME,LASTNAME,SHIRTNUMBER,NATIONALITY,TEAM_ID,POSITION,DATE_OF_BIRTH) values ('115','Zachary','Stuart','5','Romania','11','ST',to_date('90/04/24','RR/MM/DD'));
Insert into HR.PLAYERS (ID,FIRSTNAME,LASTNAME,SHIRTNUMBER,NATIONALITY,TEAM_ID,POSITION,DATE_OF_BIRTH) values ('116','Fletcher','Clayton','6','Korea, Republic of','11','CB',to_date('94/12/21','RR/MM/DD'));
Insert into HR.PLAYERS (ID,FIRSTNAME,LASTNAME,SHIRTNUMBER,NATIONALITY,TEAM_ID,POSITION,DATE_OF_BIRTH) values ('117','John','Blair','7','Denmark','11','RW',to_date('88/10/16','RR/MM/DD'));
Insert into HR.PLAYERS (ID,FIRSTNAME,LASTNAME,SHIRTNUMBER,NATIONALITY,TEAM_ID,POSITION,DATE_OF_BIRTH) values ('118','Lionel','Hutchinson','8','China','11','CB',to_date('86/11/22','RR/MM/DD'));
Insert into HR.PLAYERS (ID,FIRSTNAME,LASTNAME,SHIRTNUMBER,NATIONALITY,TEAM_ID,POSITION,DATE_OF_BIRTH) values ('119','Rajah','Carroll','9','Lebanon','11','CB',to_date('88/04/11','RR/MM/DD'));
Insert into HR.PLAYERS (ID,FIRSTNAME,LASTNAME,SHIRTNUMBER,NATIONALITY,TEAM_ID,POSITION,DATE_OF_BIRTH) values ('120','Daniel','Rush','10','Marshall Islands','11','LB',to_date('97/03/10','RR/MM/DD'));
Insert into HR.PLAYERS (ID,FIRSTNAME,LASTNAME,SHIRTNUMBER,NATIONALITY,TEAM_ID,POSITION,DATE_OF_BIRTH) values ('121','Bruno','Reyes','11','Netherlands Antilles','11','RM',to_date('83/01/21','RR/MM/DD'));
Insert into HR.PLAYERS (ID,FIRSTNAME,LASTNAME,SHIRTNUMBER,NATIONALITY,TEAM_ID,POSITION,DATE_OF_BIRTH) values ('320','Garrett','Hancock','1','Guam','30','LW',to_date('87/04/02','RR/MM/DD'));
Insert into HR.PLAYERS (ID,FIRSTNAME,LASTNAME,SHIRTNUMBER,NATIONALITY,TEAM_ID,POSITION,DATE_OF_BIRTH) values ('321','Malik','Thornton','2','Niger','30','LB',to_date('87/04/03','RR/MM/DD'));
Insert into HR.PLAYERS (ID,FIRSTNAME,LASTNAME,SHIRTNUMBER,NATIONALITY,TEAM_ID,POSITION,DATE_OF_BIRTH) values ('323','Yasir','Lynch','4','Faroe Islands','30','ST',to_date('96/10/30','RR/MM/DD'));
Insert into HR.PLAYERS (ID,FIRSTNAME,LASTNAME,SHIRTNUMBER,NATIONALITY,TEAM_ID,POSITION,DATE_OF_BIRTH) values ('324','Paki','Ewing','5','Slovakia','30','RW',to_date('87/01/22','RR/MM/DD'));
Insert into HR.PLAYERS (ID,FIRSTNAME,LASTNAME,SHIRTNUMBER,NATIONALITY,TEAM_ID,POSITION,DATE_OF_BIRTH) values ('325','Vaughan','Dillard','6','Ukraine','30','GK',to_date('93/11/14','RR/MM/DD'));
Insert into HR.PLAYERS (ID,FIRSTNAME,LASTNAME,SHIRTNUMBER,NATIONALITY,TEAM_ID,POSITION,DATE_OF_BIRTH) values ('326','Josiah','Austin','7','Germany','30','ST',to_date('93/08/01','RR/MM/DD'));
Insert into HR.PLAYERS (ID,FIRSTNAME,LASTNAME,SHIRTNUMBER,NATIONALITY,TEAM_ID,POSITION,DATE_OF_BIRTH) values ('327','Macaulay','Gallegos','8','Uruguay','30','RM',to_date('83/06/12','RR/MM/DD'));
Insert into HR.PLAYERS (ID,FIRSTNAME,LASTNAME,SHIRTNUMBER,NATIONALITY,TEAM_ID,POSITION,DATE_OF_BIRTH) values ('328','Branden','Dillard','9','Russian Federation','30','LF',to_date('91/04/27','RR/MM/DD'));
Insert into HR.PLAYERS (ID,FIRSTNAME,LASTNAME,SHIRTNUMBER,NATIONALITY,TEAM_ID,POSITION,DATE_OF_BIRTH) values ('329','Kasper','Parsons','10','Syrian Arab Republic','30','CB',to_date('85/11/16','RR/MM/DD'));
Insert into HR.PLAYERS (ID,FIRSTNAME,LASTNAME,SHIRTNUMBER,NATIONALITY,TEAM_ID,POSITION,DATE_OF_BIRTH) values ('330','Amir','Phillips','11','Norfolk Island','30','RM',to_date('90/11/18','RR/MM/DD'));
Insert into HR.PLAYERS (ID,FIRSTNAME,LASTNAME,SHIRTNUMBER,NATIONALITY,TEAM_ID,POSITION,DATE_OF_BIRTH) values ('309','Dennis','Rodriquez','1','Sierra Leone','29','CDM',to_date('88/01/27','RR/MM/DD'));
Insert into HR.PLAYERS (ID,FIRSTNAME,LASTNAME,SHIRTNUMBER,NATIONALITY,TEAM_ID,POSITION,DATE_OF_BIRTH) values ('310','Allistair','Dixon','2','Estonia','29','LM',to_date('92/06/23','RR/MM/DD'));
Insert into HR.PLAYERS (ID,FIRSTNAME,LASTNAME,SHIRTNUMBER,NATIONALITY,TEAM_ID,POSITION,DATE_OF_BIRTH) values ('311','Chancellor','Sellers','3','Slovakia','29','RB',to_date('98/04/24','RR/MM/DD'));
Insert into HR.PLAYERS (ID,FIRSTNAME,LASTNAME,SHIRTNUMBER,NATIONALITY,TEAM_ID,POSITION,DATE_OF_BIRTH) values ('312','Vaughan','Harrington','4','Malaysia','29','RW',to_date('96/07/11','RR/MM/DD'));
Insert into HR.PLAYERS (ID,FIRSTNAME,LASTNAME,SHIRTNUMBER,NATIONALITY,TEAM_ID,POSITION,DATE_OF_BIRTH) values ('313','Walter','Salazar','5','Vanuatu','29','LM',to_date('97/04/22','RR/MM/DD'));
Insert into HR.PLAYERS (ID,FIRSTNAME,LASTNAME,SHIRTNUMBER,NATIONALITY,TEAM_ID,POSITION,DATE_OF_BIRTH) values ('314','Arden','Mcfarland','6','Chile','29','ST',to_date('86/10/28','RR/MM/DD'));
Insert into HR.PLAYERS (ID,FIRSTNAME,LASTNAME,SHIRTNUMBER,NATIONALITY,TEAM_ID,POSITION,DATE_OF_BIRTH) values ('315','Michael','Orr','7','Monaco','29','CB',to_date('95/01/07','RR/MM/DD'));
Insert into HR.PLAYERS (ID,FIRSTNAME,LASTNAME,SHIRTNUMBER,NATIONALITY,TEAM_ID,POSITION,DATE_OF_BIRTH) values ('316','Avram','Good','8','Tanzania, United Republic of','29','CB',to_date('98/01/30','RR/MM/DD'));
Insert into HR.PLAYERS (ID,FIRSTNAME,LASTNAME,SHIRTNUMBER,NATIONALITY,TEAM_ID,POSITION,DATE_OF_BIRTH) values ('317','Grant','Gross','9','Serbia and Montenegro','29','CM',to_date('82/11/06','RR/MM/DD'));
Insert into HR.PLAYERS (ID,FIRSTNAME,LASTNAME,SHIRTNUMBER,NATIONALITY,TEAM_ID,POSITION,DATE_OF_BIRTH) values ('318','Nash','Beard','10','Colombia','29','CM',to_date('90/03/01','RR/MM/DD'));
Insert into HR.PLAYERS (ID,FIRSTNAME,LASTNAME,SHIRTNUMBER,NATIONALITY,TEAM_ID,POSITION,DATE_OF_BIRTH) values ('319','David','Mathews','11','Panama','29','GK',to_date('93/01/12','RR/MM/DD'));
Insert into HR.PLAYERS (ID,FIRSTNAME,LASTNAME,SHIRTNUMBER,NATIONALITY,TEAM_ID,POSITION,DATE_OF_BIRTH) values ('298','Myles','Whitney','1','Slovakia','28','RW',to_date('87/06/13','RR/MM/DD'));
Insert into HR.PLAYERS (ID,FIRSTNAME,LASTNAME,SHIRTNUMBER,NATIONALITY,TEAM_ID,POSITION,DATE_OF_BIRTH) values ('299','Nash','Keith','2','Taiwan, Province of China','28','LF',to_date('92/09/15','RR/MM/DD'));
Insert into HR.PLAYERS (ID,FIRSTNAME,LASTNAME,SHIRTNUMBER,NATIONALITY,TEAM_ID,POSITION,DATE_OF_BIRTH) values ('300','Quentin','Riddle','3','Faroe Islands','28','CB',to_date('90/12/04','RR/MM/DD'));
Insert into HR.PLAYERS (ID,FIRSTNAME,LASTNAME,SHIRTNUMBER,NATIONALITY,TEAM_ID,POSITION,DATE_OF_BIRTH) values ('301','Ryder','Bentley','4','Canada','28','RM',to_date('93/11/17','RR/MM/DD'));
Insert into HR.PLAYERS (ID,FIRSTNAME,LASTNAME,SHIRTNUMBER,NATIONALITY,TEAM_ID,POSITION,DATE_OF_BIRTH) values ('302','Slade','Holmes','5','Oman','28','RF',to_date('85/11/16','RR/MM/DD'));
Insert into HR.PLAYERS (ID,FIRSTNAME,LASTNAME,SHIRTNUMBER,NATIONALITY,TEAM_ID,POSITION,DATE_OF_BIRTH) values ('303','Thomas','Williams','6','Malta','28','ST',to_date('83/01/28','RR/MM/DD'));
Insert into HR.PLAYERS (ID,FIRSTNAME,LASTNAME,SHIRTNUMBER,NATIONALITY,TEAM_ID,POSITION,DATE_OF_BIRTH) values ('304','Fuller','Mendoza','7','Oman','28','RB',to_date('98/06/07','RR/MM/DD'));
Insert into HR.PLAYERS (ID,FIRSTNAME,LASTNAME,SHIRTNUMBER,NATIONALITY,TEAM_ID,POSITION,DATE_OF_BIRTH) values ('305','Finn','Grant','8','Bulgaria','28','CB',to_date('98/01/24','RR/MM/DD'));
Insert into HR.PLAYERS (ID,FIRSTNAME,LASTNAME,SHIRTNUMBER,NATIONALITY,TEAM_ID,POSITION,DATE_OF_BIRTH) values ('306','Knox','Albert','9','Colombia','28','ST',to_date('87/04/22','RR/MM/DD'));
Insert into HR.PLAYERS (ID,FIRSTNAME,LASTNAME,SHIRTNUMBER,NATIONALITY,TEAM_ID,POSITION,DATE_OF_BIRTH) values ('307','Basil','Jones','10','Rwanda','28','RM',to_date('92/08/08','RR/MM/DD'));
Insert into HR.PLAYERS (ID,FIRSTNAME,LASTNAME,SHIRTNUMBER,NATIONALITY,TEAM_ID,POSITION,DATE_OF_BIRTH) values ('308','Rooney','Mccullough','11','Portugal','28','RF',to_date('84/08/13','RR/MM/DD'));
Insert into HR.PLAYERS (ID,FIRSTNAME,LASTNAME,SHIRTNUMBER,NATIONALITY,TEAM_ID,POSITION,DATE_OF_BIRTH) values ('287','Dante','Gibson','1','Peru','27','CDM',to_date('97/03/08','RR/MM/DD'));
Insert into HR.PLAYERS (ID,FIRSTNAME,LASTNAME,SHIRTNUMBER,NATIONALITY,TEAM_ID,POSITION,DATE_OF_BIRTH) values ('288','Kasimir','Williams','2','Palau','27','ST',to_date('93/03/21','RR/MM/DD'));
Insert into HR.PLAYERS (ID,FIRSTNAME,LASTNAME,SHIRTNUMBER,NATIONALITY,TEAM_ID,POSITION,DATE_OF_BIRTH) values ('289','Ross','Hurley','3','Azerbaijan','27','RB',to_date('97/04/16','RR/MM/DD'));
Insert into HR.PLAYERS (ID,FIRSTNAME,LASTNAME,SHIRTNUMBER,NATIONALITY,TEAM_ID,POSITION,DATE_OF_BIRTH) values ('290','Hayes','Herrera','4','Svalbard and Jan Mayen','27','CM',to_date('87/01/20','RR/MM/DD'));
Insert into HR.PLAYERS (ID,FIRSTNAME,LASTNAME,SHIRTNUMBER,NATIONALITY,TEAM_ID,POSITION,DATE_OF_BIRTH) values ('291','Amery','Craft','5','New Caledonia','27','CB',to_date('96/03/02','RR/MM/DD'));
Insert into HR.PLAYERS (ID,FIRSTNAME,LASTNAME,SHIRTNUMBER,NATIONALITY,TEAM_ID,POSITION,DATE_OF_BIRTH) values ('292','Laith','Hester','6','Rwanda','27','ST',to_date('90/04/16','RR/MM/DD'));
Insert into HR.PLAYERS (ID,FIRSTNAME,LASTNAME,SHIRTNUMBER,NATIONALITY,TEAM_ID,POSITION,DATE_OF_BIRTH) values ('293','Lee','Lawson','7','Morocco','27','ST',to_date('90/11/20','RR/MM/DD'));
Insert into HR.PLAYERS (ID,FIRSTNAME,LASTNAME,SHIRTNUMBER,NATIONALITY,TEAM_ID,POSITION,DATE_OF_BIRTH) values ('294','Joshua','Landry','8','Niger','27','LF',to_date('96/01/15','RR/MM/DD'));
Insert into HR.PLAYERS (ID,FIRSTNAME,LASTNAME,SHIRTNUMBER,NATIONALITY,TEAM_ID,POSITION,DATE_OF_BIRTH) values ('295','Jakeem','Dickerson','9','Peru','27','CB',to_date('97/11/20','RR/MM/DD'));
Insert into HR.PLAYERS (ID,FIRSTNAME,LASTNAME,SHIRTNUMBER,NATIONALITY,TEAM_ID,POSITION,DATE_OF_BIRTH) values ('296','Armando','Powers','10','Saint Lucia','27','CM',to_date('93/10/30','RR/MM/DD'));
Insert into HR.PLAYERS (ID,FIRSTNAME,LASTNAME,SHIRTNUMBER,NATIONALITY,TEAM_ID,POSITION,DATE_OF_BIRTH) values ('297','Rigel','Barry','11','Philippines','27','RW',to_date('88/11/22','RR/MM/DD'));
Insert into HR.PLAYERS (ID,FIRSTNAME,LASTNAME,SHIRTNUMBER,NATIONALITY,TEAM_ID,POSITION,DATE_OF_BIRTH) values ('276','Ryan','Erickson','1','Australia','26','LW',to_date('94/01/01','RR/MM/DD'));
Insert into HR.PLAYERS (ID,FIRSTNAME,LASTNAME,SHIRTNUMBER,NATIONALITY,TEAM_ID,POSITION,DATE_OF_BIRTH) values ('277','Lionel','Rosa','2','Slovakia','26','RF',to_date('85/10/22','RR/MM/DD'));
Insert into HR.PLAYERS (ID,FIRSTNAME,LASTNAME,SHIRTNUMBER,NATIONALITY,TEAM_ID,POSITION,DATE_OF_BIRTH) values ('278','Wayne','Knight','3','Ghana','26','LF',to_date('98/05/04','RR/MM/DD'));
Insert into HR.PLAYERS (ID,FIRSTNAME,LASTNAME,SHIRTNUMBER,NATIONALITY,TEAM_ID,POSITION,DATE_OF_BIRTH) values ('279','Arthur','Deleon','4','Algeria','26','LF',to_date('97/04/13','RR/MM/DD'));
Insert into HR.PLAYERS (ID,FIRSTNAME,LASTNAME,SHIRTNUMBER,NATIONALITY,TEAM_ID,POSITION,DATE_OF_BIRTH) values ('280','Salvador','Maldonado','5','Portugal','26','GK',to_date('88/04/20','RR/MM/DD'));
Insert into HR.PLAYERS (ID,FIRSTNAME,LASTNAME,SHIRTNUMBER,NATIONALITY,TEAM_ID,POSITION,DATE_OF_BIRTH) values ('281','Louis','Odonnell','6','Mongolia','26','LF',to_date('93/08/04','RR/MM/DD'));
Insert into HR.PLAYERS (ID,FIRSTNAME,LASTNAME,SHIRTNUMBER,NATIONALITY,TEAM_ID,POSITION,DATE_OF_BIRTH) values ('282','Ignatius','Calderon','7','Bermuda','26','CB',to_date('97/07/10','RR/MM/DD'));
Insert into HR.PLAYERS (ID,FIRSTNAME,LASTNAME,SHIRTNUMBER,NATIONALITY,TEAM_ID,POSITION,DATE_OF_BIRTH) values ('283','Jack','Mitchell','8','Reunion','26','LW',to_date('97/10/25','RR/MM/DD'));
Insert into HR.PLAYERS (ID,FIRSTNAME,LASTNAME,SHIRTNUMBER,NATIONALITY,TEAM_ID,POSITION,DATE_OF_BIRTH) values ('284','Mason','Myers','9','Germany','26','LM',to_date('87/08/20','RR/MM/DD'));
Insert into HR.PLAYERS (ID,FIRSTNAME,LASTNAME,SHIRTNUMBER,NATIONALITY,TEAM_ID,POSITION,DATE_OF_BIRTH) values ('285','Chandler','Jones','10','Holy See (Vatican City State)','26','RF',to_date('89/12/06','RR/MM/DD'));
Insert into HR.PLAYERS (ID,FIRSTNAME,LASTNAME,SHIRTNUMBER,NATIONALITY,TEAM_ID,POSITION,DATE_OF_BIRTH) values ('286','Eric','Roach','11','Burkina Faso','26','CB',to_date('95/08/09','RR/MM/DD'));
Insert into HR.PLAYERS (ID,FIRSTNAME,LASTNAME,SHIRTNUMBER,NATIONALITY,TEAM_ID,POSITION,DATE_OF_BIRTH) values ('265','Leonard','Beard','1','Spain','25','CB',to_date('93/01/01','RR/MM/DD'));
Insert into HR.PLAYERS (ID,FIRSTNAME,LASTNAME,SHIRTNUMBER,NATIONALITY,TEAM_ID,POSITION,DATE_OF_BIRTH) values ('266','Charles','Kinney','2','Samoa','25','LB',to_date('87/08/02','RR/MM/DD'));
Insert into HR.PLAYERS (ID,FIRSTNAME,LASTNAME,SHIRTNUMBER,NATIONALITY,TEAM_ID,POSITION,DATE_OF_BIRTH) values ('267','Judah','Larsen','3','Saint Pierre and Miquelon','25','LF',to_date('88/05/20','RR/MM/DD'));
Insert into HR.PLAYERS (ID,FIRSTNAME,LASTNAME,SHIRTNUMBER,NATIONALITY,TEAM_ID,POSITION,DATE_OF_BIRTH) values ('268','Joel','Horton','4','British Indian Ocean Territory','25','CB',to_date('82/08/02','RR/MM/DD'));
Insert into HR.PLAYERS (ID,FIRSTNAME,LASTNAME,SHIRTNUMBER,NATIONALITY,TEAM_ID,POSITION,DATE_OF_BIRTH) values ('269','Tanek','Zamora','5','New Caledonia','25','CB',to_date('90/04/23','RR/MM/DD'));
Insert into HR.PLAYERS (ID,FIRSTNAME,LASTNAME,SHIRTNUMBER,NATIONALITY,TEAM_ID,POSITION,DATE_OF_BIRTH) values ('270','Jamal','Miles','6','Switzerland','25','CB',to_date('83/08/08','RR/MM/DD'));
Insert into HR.PLAYERS (ID,FIRSTNAME,LASTNAME,SHIRTNUMBER,NATIONALITY,TEAM_ID,POSITION,DATE_OF_BIRTH) values ('271','Erasmus','Clay','7','Botswana','25','LM',to_date('89/06/15','RR/MM/DD'));
Insert into HR.PLAYERS (ID,FIRSTNAME,LASTNAME,SHIRTNUMBER,NATIONALITY,TEAM_ID,POSITION,DATE_OF_BIRTH) values ('272','Kamal','Wood','8','Kyrgyzstan','25','GK',to_date('95/09/19','RR/MM/DD'));
Insert into HR.PLAYERS (ID,FIRSTNAME,LASTNAME,SHIRTNUMBER,NATIONALITY,TEAM_ID,POSITION,DATE_OF_BIRTH) values ('273','Dale','Woodward','9','Reunion','25','RB',to_date('96/07/14','RR/MM/DD'));
Insert into HR.PLAYERS (ID,FIRSTNAME,LASTNAME,SHIRTNUMBER,NATIONALITY,TEAM_ID,POSITION,DATE_OF_BIRTH) values ('274','Abbot','Dean','10','Puerto Rico','25','LW',to_date('82/10/07','RR/MM/DD'));
Insert into HR.PLAYERS (ID,FIRSTNAME,LASTNAME,SHIRTNUMBER,NATIONALITY,TEAM_ID,POSITION,DATE_OF_BIRTH) values ('275','Rahim','Cunningham','11','Guyana','25','LW',to_date('90/08/31','RR/MM/DD'));
Insert into HR.PLAYERS (ID,FIRSTNAME,LASTNAME,SHIRTNUMBER,NATIONALITY,TEAM_ID,POSITION,DATE_OF_BIRTH) values ('254','Myles','Steele','1','Bulgaria','24','CDM',to_date('89/11/13','RR/MM/DD'));
Insert into HR.PLAYERS (ID,FIRSTNAME,LASTNAME,SHIRTNUMBER,NATIONALITY,TEAM_ID,POSITION,DATE_OF_BIRTH) values ('255','Baxter','Odom','2','United States','24','RW',to_date('89/11/20','RR/MM/DD'));
Insert into HR.PLAYERS (ID,FIRSTNAME,LASTNAME,SHIRTNUMBER,NATIONALITY,TEAM_ID,POSITION,DATE_OF_BIRTH) values ('256','Matthew','Hyde','3','Reunion','24','LW',to_date('88/08/13','RR/MM/DD'));
Insert into HR.PLAYERS (ID,FIRSTNAME,LASTNAME,SHIRTNUMBER,NATIONALITY,TEAM_ID,POSITION,DATE_OF_BIRTH) values ('257','Paki','Pratt','4','Comoros','24','RF',to_date('91/03/05','RR/MM/DD'));
Insert into HR.PLAYERS (ID,FIRSTNAME,LASTNAME,SHIRTNUMBER,NATIONALITY,TEAM_ID,POSITION,DATE_OF_BIRTH) values ('258','Tanner','Orr','5','New Caledonia','24','CB',to_date('89/09/01','RR/MM/DD'));
Insert into HR.PLAYERS (ID,FIRSTNAME,LASTNAME,SHIRTNUMBER,NATIONALITY,TEAM_ID,POSITION,DATE_OF_BIRTH) values ('259','Eagan','Monroe','6','Central African Republic','24','RB',to_date('83/06/30','RR/MM/DD'));
Insert into HR.PLAYERS (ID,FIRSTNAME,LASTNAME,SHIRTNUMBER,NATIONALITY,TEAM_ID,POSITION,DATE_OF_BIRTH) values ('260','Gage','Parker','7','Christmas Island','24','LW',to_date('95/10/14','RR/MM/DD'));
Insert into HR.PLAYERS (ID,FIRSTNAME,LASTNAME,SHIRTNUMBER,NATIONALITY,TEAM_ID,POSITION,DATE_OF_BIRTH) values ('261','Micah','Rosales','8','Mongolia','24','RB',to_date('84/03/29','RR/MM/DD'));
Insert into HR.PLAYERS (ID,FIRSTNAME,LASTNAME,SHIRTNUMBER,NATIONALITY,TEAM_ID,POSITION,DATE_OF_BIRTH) values ('262','Branden','Fields','9','Guyana','24','CB',to_date('94/09/16','RR/MM/DD'));
Insert into HR.PLAYERS (ID,FIRSTNAME,LASTNAME,SHIRTNUMBER,NATIONALITY,TEAM_ID,POSITION,DATE_OF_BIRTH) values ('263','Len','Burgess','10','Peru','24','GK',to_date('89/10/12','RR/MM/DD'));
Insert into HR.PLAYERS (ID,FIRSTNAME,LASTNAME,SHIRTNUMBER,NATIONALITY,TEAM_ID,POSITION,DATE_OF_BIRTH) values ('264','Drew','Owen','11','Peru','24','LW',to_date('85/02/22','RR/MM/DD'));
Insert into HR.PLAYERS (ID,FIRSTNAME,LASTNAME,SHIRTNUMBER,NATIONALITY,TEAM_ID,POSITION,DATE_OF_BIRTH) values ('243','Ishmael','Walls','1','French Guiana','23','RM',to_date('85/08/22','RR/MM/DD'));
Insert into HR.PLAYERS (ID,FIRSTNAME,LASTNAME,SHIRTNUMBER,NATIONALITY,TEAM_ID,POSITION,DATE_OF_BIRTH) values ('244','Philip','Sharpe','2','Reunion','23','LM',to_date('85/06/14','RR/MM/DD'));
Insert into HR.PLAYERS (ID,FIRSTNAME,LASTNAME,SHIRTNUMBER,NATIONALITY,TEAM_ID,POSITION,DATE_OF_BIRTH) values ('245','Clark','Watson','3','Belize','23','RW',to_date('94/06/29','RR/MM/DD'));
Insert into HR.PLAYERS (ID,FIRSTNAME,LASTNAME,SHIRTNUMBER,NATIONALITY,TEAM_ID,POSITION,DATE_OF_BIRTH) values ('246','Neville','Robbins','4','Greenland','23','LF',to_date('95/05/04','RR/MM/DD'));
Insert into HR.PLAYERS (ID,FIRSTNAME,LASTNAME,SHIRTNUMBER,NATIONALITY,TEAM_ID,POSITION,DATE_OF_BIRTH) values ('247','Driscoll','Henderson','5','Guadeloupe','23','RB',to_date('84/04/19','RR/MM/DD'));
Insert into HR.PLAYERS (ID,FIRSTNAME,LASTNAME,SHIRTNUMBER,NATIONALITY,TEAM_ID,POSITION,DATE_OF_BIRTH) values ('248','Vernon','Britt','6','Trinidad and Tobago','23','CDM',to_date('97/10/08','RR/MM/DD'));
Insert into HR.PLAYERS (ID,FIRSTNAME,LASTNAME,SHIRTNUMBER,NATIONALITY,TEAM_ID,POSITION,DATE_OF_BIRTH) values ('249','Connor','Williamson','7','Pakistan','23','ST',to_date('87/02/05','RR/MM/DD'));
Insert into HR.PLAYERS (ID,FIRSTNAME,LASTNAME,SHIRTNUMBER,NATIONALITY,TEAM_ID,POSITION,DATE_OF_BIRTH) values ('250','Raphael','Mills','8','Bulgaria','23','CM',to_date('84/03/06','RR/MM/DD'));
Insert into HR.PLAYERS (ID,FIRSTNAME,LASTNAME,SHIRTNUMBER,NATIONALITY,TEAM_ID,POSITION,DATE_OF_BIRTH) values ('251','Griffin','Kemp','9','Sao Tome and Principe','23','RM',to_date('84/08/23','RR/MM/DD'));
Insert into HR.PLAYERS (ID,FIRSTNAME,LASTNAME,SHIRTNUMBER,NATIONALITY,TEAM_ID,POSITION,DATE_OF_BIRTH) values ('252','Quinlan','Salazar','10','Bermuda','23','RM',to_date('85/09/11','RR/MM/DD'));
Insert into HR.PLAYERS (ID,FIRSTNAME,LASTNAME,SHIRTNUMBER,NATIONALITY,TEAM_ID,POSITION,DATE_OF_BIRTH) values ('253','Barclay','Finley','11','Ecuador','23','LF',to_date('88/01/16','RR/MM/DD'));
Insert into HR.PLAYERS (ID,FIRSTNAME,LASTNAME,SHIRTNUMBER,NATIONALITY,TEAM_ID,POSITION,DATE_OF_BIRTH) values ('232','Hunter','Glover','1','Belgium','22','CDM',to_date('96/08/21','RR/MM/DD'));
Insert into HR.PLAYERS (ID,FIRSTNAME,LASTNAME,SHIRTNUMBER,NATIONALITY,TEAM_ID,POSITION,DATE_OF_BIRTH) values ('233','Jason','Cleveland','2','Angola','22','CB',to_date('96/01/18','RR/MM/DD'));
Insert into HR.PLAYERS (ID,FIRSTNAME,LASTNAME,SHIRTNUMBER,NATIONALITY,TEAM_ID,POSITION,DATE_OF_BIRTH) values ('234','Ulric','Collins','3','Marshall Islands','22','ST',to_date('86/11/16','RR/MM/DD'));
Insert into HR.PLAYERS (ID,FIRSTNAME,LASTNAME,SHIRTNUMBER,NATIONALITY,TEAM_ID,POSITION,DATE_OF_BIRTH) values ('235','Kelly','Obrien','4','Argentina','22','LB',to_date('84/03/09','RR/MM/DD'));
Insert into HR.PLAYERS (ID,FIRSTNAME,LASTNAME,SHIRTNUMBER,NATIONALITY,TEAM_ID,POSITION,DATE_OF_BIRTH) values ('236','Mannix','Snyder','5','Monaco','22','CB',to_date('86/03/18','RR/MM/DD'));
Insert into HR.PLAYERS (ID,FIRSTNAME,LASTNAME,SHIRTNUMBER,NATIONALITY,TEAM_ID,POSITION,DATE_OF_BIRTH) values ('237','Emery','Flores','6','Norfolk Island','22','ST',to_date('88/10/07','RR/MM/DD'));
Insert into HR.PLAYERS (ID,FIRSTNAME,LASTNAME,SHIRTNUMBER,NATIONALITY,TEAM_ID,POSITION,DATE_OF_BIRTH) values ('238','Michael','Decker','7','Cameroon','22','LF',to_date('92/03/21','RR/MM/DD'));
Insert into HR.PLAYERS (ID,FIRSTNAME,LASTNAME,SHIRTNUMBER,NATIONALITY,TEAM_ID,POSITION,DATE_OF_BIRTH) values ('239','Orson','Mullins','8','Chad','22','LW',to_date('89/07/12','RR/MM/DD'));
Insert into HR.PLAYERS (ID,FIRSTNAME,LASTNAME,SHIRTNUMBER,NATIONALITY,TEAM_ID,POSITION,DATE_OF_BIRTH) values ('240','Nash','Spencer','9','Liberia','22','LB',to_date('87/05/31','RR/MM/DD'));
Insert into HR.PLAYERS (ID,FIRSTNAME,LASTNAME,SHIRTNUMBER,NATIONALITY,TEAM_ID,POSITION,DATE_OF_BIRTH) values ('241','Yasir','Dalton','10','Bahamas','22','LB',to_date('89/11/24','RR/MM/DD'));
Insert into HR.PLAYERS (ID,FIRSTNAME,LASTNAME,SHIRTNUMBER,NATIONALITY,TEAM_ID,POSITION,DATE_OF_BIRTH) values ('242','Connor','Adkins','11','Sweden','22','GK',to_date('97/04/07','RR/MM/DD'));
Insert into HR.PLAYERS (ID,FIRSTNAME,LASTNAME,SHIRTNUMBER,NATIONALITY,TEAM_ID,POSITION,DATE_OF_BIRTH) values ('221','Hu','Butler','1','Niue','21','CB',to_date('91/07/21','RR/MM/DD'));
Insert into HR.PLAYERS (ID,FIRSTNAME,LASTNAME,SHIRTNUMBER,NATIONALITY,TEAM_ID,POSITION,DATE_OF_BIRTH) values ('222','Nathaniel','Gillespie','2','Malaysia','21','GK',to_date('83/11/23','RR/MM/DD'));
Insert into HR.PLAYERS (ID,FIRSTNAME,LASTNAME,SHIRTNUMBER,NATIONALITY,TEAM_ID,POSITION,DATE_OF_BIRTH) values ('223','Dustin','Melton','3','Tonga','21','CM',to_date('87/03/08','RR/MM/DD'));
Insert into HR.PLAYERS (ID,FIRSTNAME,LASTNAME,SHIRTNUMBER,NATIONALITY,TEAM_ID,POSITION,DATE_OF_BIRTH) values ('224','Jonas','Campos','4','Saint Pierre and Miquelon','21','CB',to_date('95/01/07','RR/MM/DD'));
Insert into HR.PLAYERS (ID,FIRSTNAME,LASTNAME,SHIRTNUMBER,NATIONALITY,TEAM_ID,POSITION,DATE_OF_BIRTH) values ('225','Anthony','Chandler','5','French Guiana','21','LB',to_date('87/08/03','RR/MM/DD'));
Insert into HR.PLAYERS (ID,FIRSTNAME,LASTNAME,SHIRTNUMBER,NATIONALITY,TEAM_ID,POSITION,DATE_OF_BIRTH) values ('226','Oscar','Soto','6','Belize','21','CB',to_date('92/10/28','RR/MM/DD'));
Insert into HR.PLAYERS (ID,FIRSTNAME,LASTNAME,SHIRTNUMBER,NATIONALITY,TEAM_ID,POSITION,DATE_OF_BIRTH) values ('227','Orson','Sawyer','7','San Marino','21','ST',to_date('97/03/26','RR/MM/DD'));
Insert into HR.PLAYERS (ID,FIRSTNAME,LASTNAME,SHIRTNUMBER,NATIONALITY,TEAM_ID,POSITION,DATE_OF_BIRTH) values ('228','Nash','Kelly','8','United States','21','RB',to_date('88/10/01','RR/MM/DD'));
Insert into HR.PLAYERS (ID,FIRSTNAME,LASTNAME,SHIRTNUMBER,NATIONALITY,TEAM_ID,POSITION,DATE_OF_BIRTH) values ('229','Talon','Herring','9','Barbados','21','LW',to_date('83/08/01','RR/MM/DD'));
Insert into HR.PLAYERS (ID,FIRSTNAME,LASTNAME,SHIRTNUMBER,NATIONALITY,TEAM_ID,POSITION,DATE_OF_BIRTH) values ('230','Acton','Jensen','10','Togo','21','RB',to_date('85/07/31','RR/MM/DD'));
Insert into HR.PLAYERS (ID,FIRSTNAME,LASTNAME,SHIRTNUMBER,NATIONALITY,TEAM_ID,POSITION,DATE_OF_BIRTH) values ('231','Kane','Lowery','11','China','21','LM',to_date('90/10/31','RR/MM/DD'));
Insert into HR.PLAYERS (ID,FIRSTNAME,LASTNAME,SHIRTNUMBER,NATIONALITY,TEAM_ID,POSITION,DATE_OF_BIRTH) values ('1','Elliott','Deleon','1','Grenada','1','LM',to_date('94/10/30','RR/MM/DD'));
Insert into HR.PLAYERS (ID,FIRSTNAME,LASTNAME,SHIRTNUMBER,NATIONALITY,TEAM_ID,POSITION,DATE_OF_BIRTH) values ('13','Ryan','Roach','2','Seychelles','2','RM',to_date('91/07/21','RR/MM/DD'));
Insert into HR.PLAYERS (ID,FIRSTNAME,LASTNAME,SHIRTNUMBER,NATIONALITY,TEAM_ID,POSITION,DATE_OF_BIRTH) values ('2','Lucas','Spencer','2','Palau','1','RW',to_date('93/03/18','RR/MM/DD'));
Insert into HR.PLAYERS (ID,FIRSTNAME,LASTNAME,SHIRTNUMBER,NATIONALITY,TEAM_ID,POSITION,DATE_OF_BIRTH) values ('3','Merrill','Delacruz','3','Nigeria','1','LW',to_date('84/02/09','RR/MM/DD'));
Insert into HR.PLAYERS (ID,FIRSTNAME,LASTNAME,SHIRTNUMBER,NATIONALITY,TEAM_ID,POSITION,DATE_OF_BIRTH) values ('4','Philip','Lynch','4','Virgin Islands, U.S.','1','LF',to_date('91/05/25','RR/MM/DD'));
Insert into HR.PLAYERS (ID,FIRSTNAME,LASTNAME,SHIRTNUMBER,NATIONALITY,TEAM_ID,POSITION,DATE_OF_BIRTH) values ('5','Edan','Glenn','5','Madagascar','1','CB',to_date('93/03/21','RR/MM/DD'));
Insert into HR.PLAYERS (ID,FIRSTNAME,LASTNAME,SHIRTNUMBER,NATIONALITY,TEAM_ID,POSITION,DATE_OF_BIRTH) values ('6','Dante','Bender','6','Tokelau','1','RW',to_date('83/11/10','RR/MM/DD'));
Insert into HR.PLAYERS (ID,FIRSTNAME,LASTNAME,SHIRTNUMBER,NATIONALITY,TEAM_ID,POSITION,DATE_OF_BIRTH) values ('7','Alexander','Chambers','7','Ukraine','1','CB',to_date('96/01/20','RR/MM/DD'));
Insert into HR.PLAYERS (ID,FIRSTNAME,LASTNAME,SHIRTNUMBER,NATIONALITY,TEAM_ID,POSITION,DATE_OF_BIRTH) values ('8','Victor','King','8','American Samoa','1','LM',to_date('84/04/21','RR/MM/DD'));
Insert into HR.PLAYERS (ID,FIRSTNAME,LASTNAME,SHIRTNUMBER,NATIONALITY,TEAM_ID,POSITION,DATE_OF_BIRTH) values ('9','Raja','Hampton','9','Mexico','1','RM',to_date('97/06/25','RR/MM/DD'));
Insert into HR.PLAYERS (ID,FIRSTNAME,LASTNAME,SHIRTNUMBER,NATIONALITY,TEAM_ID,POSITION,DATE_OF_BIRTH) values ('10','Maxwell','Wong','10','Uruguay','1','LF',to_date('96/09/21','RR/MM/DD'));
Insert into HR.PLAYERS (ID,FIRSTNAME,LASTNAME,SHIRTNUMBER,NATIONALITY,TEAM_ID,POSITION,DATE_OF_BIRTH) values ('11','Steel','Mcdaniel','11','Uruguay','1','CB',to_date('86/09/02','RR/MM/DD'));
Insert into HR.PLAYERS (ID,FIRSTNAME,LASTNAME,SHIRTNUMBER,NATIONALITY,TEAM_ID,POSITION,DATE_OF_BIRTH) values ('12','Zachery','Clements','1','Belgium','2','RW',to_date('86/12/13','RR/MM/DD'));
Insert into HR.PLAYERS (ID,FIRSTNAME,LASTNAME,SHIRTNUMBER,NATIONALITY,TEAM_ID,POSITION,DATE_OF_BIRTH) values ('14','Ashton','Yang','3','United Arab Emirates','2','CM',to_date('92/03/13','RR/MM/DD'));
Insert into HR.PLAYERS (ID,FIRSTNAME,LASTNAME,SHIRTNUMBER,NATIONALITY,TEAM_ID,POSITION,DATE_OF_BIRTH) values ('15','Theodore','Middleton','4','Lesotho','2','LB',to_date('97/06/14','RR/MM/DD'));
Insert into HR.PLAYERS (ID,FIRSTNAME,LASTNAME,SHIRTNUMBER,NATIONALITY,TEAM_ID,POSITION,DATE_OF_BIRTH) values ('16','Baker','Mays','5','Senegal','2','LW',to_date('83/05/11','RR/MM/DD'));
Insert into HR.PLAYERS (ID,FIRSTNAME,LASTNAME,SHIRTNUMBER,NATIONALITY,TEAM_ID,POSITION,DATE_OF_BIRTH) values ('17','Nash','Cole','6','Belgium','2','CB',to_date('90/01/31','RR/MM/DD'));
Insert into HR.PLAYERS (ID,FIRSTNAME,LASTNAME,SHIRTNUMBER,NATIONALITY,TEAM_ID,POSITION,DATE_OF_BIRTH) values ('18','Rajah','Rocha','7','Guinea-bissau','2','ST',to_date('88/11/16','RR/MM/DD'));
Insert into HR.PLAYERS (ID,FIRSTNAME,LASTNAME,SHIRTNUMBER,NATIONALITY,TEAM_ID,POSITION,DATE_OF_BIRTH) values ('19','Bert','Whitfield','8','Western Sahara','2','LW',to_date('98/03/16','RR/MM/DD'));
Insert into HR.PLAYERS (ID,FIRSTNAME,LASTNAME,SHIRTNUMBER,NATIONALITY,TEAM_ID,POSITION,DATE_OF_BIRTH) values ('20','Wing','Wilkinson','9','Antigua and Barbuda','2','LW',to_date('82/11/23','RR/MM/DD'));
Insert into HR.PLAYERS (ID,FIRSTNAME,LASTNAME,SHIRTNUMBER,NATIONALITY,TEAM_ID,POSITION,DATE_OF_BIRTH) values ('21','Omar','Sloan','10','Russian Federation','2','LM',to_date('87/01/17','RR/MM/DD'));
Insert into HR.PLAYERS (ID,FIRSTNAME,LASTNAME,SHIRTNUMBER,NATIONALITY,TEAM_ID,POSITION,DATE_OF_BIRTH) values ('22','Merrill','Flores','11','Eritrea','2','RB',to_date('92/09/13','RR/MM/DD'));
Insert into HR.PLAYERS (ID,FIRSTNAME,LASTNAME,SHIRTNUMBER,NATIONALITY,TEAM_ID,POSITION,DATE_OF_BIRTH) values ('23','Walker','Blair','1','Denmark','3','LM',to_date('96/09/11','RR/MM/DD'));
Insert into HR.PLAYERS (ID,FIRSTNAME,LASTNAME,SHIRTNUMBER,NATIONALITY,TEAM_ID,POSITION,DATE_OF_BIRTH) values ('24','Adrian','Rowe','2','Saint Lucia','3','RM',to_date('95/04/21','RR/MM/DD'));
Insert into HR.PLAYERS (ID,FIRSTNAME,LASTNAME,SHIRTNUMBER,NATIONALITY,TEAM_ID,POSITION,DATE_OF_BIRTH) values ('25','Harper','Jordan','3','Burkina Faso','3','RB',to_date('93/12/12','RR/MM/DD'));
Insert into HR.PLAYERS (ID,FIRSTNAME,LASTNAME,SHIRTNUMBER,NATIONALITY,TEAM_ID,POSITION,DATE_OF_BIRTH) values ('26','Demetrius','Benson','4','Kenya','3','ST',to_date('97/01/07','RR/MM/DD'));
Insert into HR.PLAYERS (ID,FIRSTNAME,LASTNAME,SHIRTNUMBER,NATIONALITY,TEAM_ID,POSITION,DATE_OF_BIRTH) values ('27','Kenneth','Potts','5','Bhutan','3','RB',to_date('89/12/11','RR/MM/DD'));
Insert into HR.PLAYERS (ID,FIRSTNAME,LASTNAME,SHIRTNUMBER,NATIONALITY,TEAM_ID,POSITION,DATE_OF_BIRTH) values ('28','Darius','Stevenson','6','United Kingdom','3','LB',to_date('86/07/16','RR/MM/DD'));
Insert into HR.PLAYERS (ID,FIRSTNAME,LASTNAME,SHIRTNUMBER,NATIONALITY,TEAM_ID,POSITION,DATE_OF_BIRTH) values ('29','Barry','Casey','7','Togo','3','RB',to_date('86/09/09','RR/MM/DD'));
Insert into HR.PLAYERS (ID,FIRSTNAME,LASTNAME,SHIRTNUMBER,NATIONALITY,TEAM_ID,POSITION,DATE_OF_BIRTH) values ('30','Ray','Hines','8','Wallis and Futuna','3','LM',to_date('98/03/13','RR/MM/DD'));
Insert into HR.PLAYERS (ID,FIRSTNAME,LASTNAME,SHIRTNUMBER,NATIONALITY,TEAM_ID,POSITION,DATE_OF_BIRTH) values ('31','Norman','Nieves','9','Seychelles','3','LM',to_date('88/12/21','RR/MM/DD'));
Insert into HR.PLAYERS (ID,FIRSTNAME,LASTNAME,SHIRTNUMBER,NATIONALITY,TEAM_ID,POSITION,DATE_OF_BIRTH) values ('32','Zeph','Hurst','10','Italy','3','RF',to_date('84/08/21','RR/MM/DD'));
Insert into HR.PLAYERS (ID,FIRSTNAME,LASTNAME,SHIRTNUMBER,NATIONALITY,TEAM_ID,POSITION,DATE_OF_BIRTH) values ('33','Jesse','Stanton','11','Cocos (Keeling) Islands','3','RF',to_date('90/09/18','RR/MM/DD'));
Insert into HR.PLAYERS (ID,FIRSTNAME,LASTNAME,SHIRTNUMBER,NATIONALITY,TEAM_ID,POSITION,DATE_OF_BIRTH) values ('34','Nolan','Matthews','1','Dominica','4','LF',to_date('97/02/19','RR/MM/DD'));
Insert into HR.PLAYERS (ID,FIRSTNAME,LASTNAME,SHIRTNUMBER,NATIONALITY,TEAM_ID,POSITION,DATE_OF_BIRTH) values ('35','Colorado','Bonner','2','Honduras','4','ST',to_date('91/07/13','RR/MM/DD'));
Insert into HR.PLAYERS (ID,FIRSTNAME,LASTNAME,SHIRTNUMBER,NATIONALITY,TEAM_ID,POSITION,DATE_OF_BIRTH) values ('36','Emmanuel','Simmons','3','Czech Republic','4','RF',to_date('82/11/17','RR/MM/DD'));
Insert into HR.PLAYERS (ID,FIRSTNAME,LASTNAME,SHIRTNUMBER,NATIONALITY,TEAM_ID,POSITION,DATE_OF_BIRTH) values ('37','Guy','Merritt','4','Virgin Islands, U.S.','4','CM',to_date('93/12/05','RR/MM/DD'));
Insert into HR.PLAYERS (ID,FIRSTNAME,LASTNAME,SHIRTNUMBER,NATIONALITY,TEAM_ID,POSITION,DATE_OF_BIRTH) values ('38','Kenyon','Sherman','5','Martinique','4','RW',to_date('95/09/08','RR/MM/DD'));
Insert into HR.PLAYERS (ID,FIRSTNAME,LASTNAME,SHIRTNUMBER,NATIONALITY,TEAM_ID,POSITION,DATE_OF_BIRTH) values ('39','Ashton','Donaldson','6','Zimbabwe','4','LW',to_date('98/01/06','RR/MM/DD'));
Insert into HR.PLAYERS (ID,FIRSTNAME,LASTNAME,SHIRTNUMBER,NATIONALITY,TEAM_ID,POSITION,DATE_OF_BIRTH) values ('40','Neil','Ayers','7','Namibia','4','RM',to_date('90/02/20','RR/MM/DD'));
Insert into HR.PLAYERS (ID,FIRSTNAME,LASTNAME,SHIRTNUMBER,NATIONALITY,TEAM_ID,POSITION,DATE_OF_BIRTH) values ('41','Myles','Puckett','8','British Indian Ocean Territory','4','CDM',to_date('84/11/06','RR/MM/DD'));
Insert into HR.PLAYERS (ID,FIRSTNAME,LASTNAME,SHIRTNUMBER,NATIONALITY,TEAM_ID,POSITION,DATE_OF_BIRTH) values ('42','Rafael','Alston','9','Togo','4','LM',to_date('96/08/15','RR/MM/DD'));
Insert into HR.PLAYERS (ID,FIRSTNAME,LASTNAME,SHIRTNUMBER,NATIONALITY,TEAM_ID,POSITION,DATE_OF_BIRTH) values ('43','Hop','Alford','10','Monaco','4','CB',to_date('94/01/08','RR/MM/DD'));
Insert into HR.PLAYERS (ID,FIRSTNAME,LASTNAME,SHIRTNUMBER,NATIONALITY,TEAM_ID,POSITION,DATE_OF_BIRTH) values ('44','Leonard','Dotson','11','Mozambique','4','LB',to_date('95/04/02','RR/MM/DD'));
Insert into HR.PLAYERS (ID,FIRSTNAME,LASTNAME,SHIRTNUMBER,NATIONALITY,TEAM_ID,POSITION,DATE_OF_BIRTH) values ('45','Mason','Puckett','1','Sao Tome and Principe','5','GK',to_date('91/05/22','RR/MM/DD'));
Insert into HR.PLAYERS (ID,FIRSTNAME,LASTNAME,SHIRTNUMBER,NATIONALITY,TEAM_ID,POSITION,DATE_OF_BIRTH) values ('46','Kermit','Rogers','2','Tokelau','5','LF',to_date('90/06/04','RR/MM/DD'));
Insert into HR.PLAYERS (ID,FIRSTNAME,LASTNAME,SHIRTNUMBER,NATIONALITY,TEAM_ID,POSITION,DATE_OF_BIRTH) values ('47','Vincent','Sharp','3','Jordan','5','RF',to_date('97/11/21','RR/MM/DD'));
Insert into HR.PLAYERS (ID,FIRSTNAME,LASTNAME,SHIRTNUMBER,NATIONALITY,TEAM_ID,POSITION,DATE_OF_BIRTH) values ('48','Ryan','Brady','4','Papua New Guinea','5','LF',to_date('96/11/09','RR/MM/DD'));
Insert into HR.PLAYERS (ID,FIRSTNAME,LASTNAME,SHIRTNUMBER,NATIONALITY,TEAM_ID,POSITION,DATE_OF_BIRTH) values ('49','Francis','Morin','5','Jordan','5','CDM',to_date('83/05/20','RR/MM/DD'));
Insert into HR.PLAYERS (ID,FIRSTNAME,LASTNAME,SHIRTNUMBER,NATIONALITY,TEAM_ID,POSITION,DATE_OF_BIRTH) values ('50','Paki','Velazquez','6','Turks and Caicos Islands','5','GK',to_date('97/03/13','RR/MM/DD'));
Insert into HR.PLAYERS (ID,FIRSTNAME,LASTNAME,SHIRTNUMBER,NATIONALITY,TEAM_ID,POSITION,DATE_OF_BIRTH) values ('51','Hilel','Larson','7','Greece','5','LF',to_date('91/07/03','RR/MM/DD'));
Insert into HR.PLAYERS (ID,FIRSTNAME,LASTNAME,SHIRTNUMBER,NATIONALITY,TEAM_ID,POSITION,DATE_OF_BIRTH) values ('52','John','Puckett','8','Netherlands','5','RM',to_date('97/11/27','RR/MM/DD'));
Insert into HR.PLAYERS (ID,FIRSTNAME,LASTNAME,SHIRTNUMBER,NATIONALITY,TEAM_ID,POSITION,DATE_OF_BIRTH) values ('53','Magee','Buchanan','9','Korea, Republic of','5','CB',to_date('96/04/07','RR/MM/DD'));
Insert into HR.PLAYERS (ID,FIRSTNAME,LASTNAME,SHIRTNUMBER,NATIONALITY,TEAM_ID,POSITION,DATE_OF_BIRTH) values ('54','Abdul','Vaughn','10','Mayotte','5','LM',to_date('85/11/21','RR/MM/DD'));
Insert into HR.PLAYERS (ID,FIRSTNAME,LASTNAME,SHIRTNUMBER,NATIONALITY,TEAM_ID,POSITION,DATE_OF_BIRTH) values ('55','Vance','Cruz','11','Kazakhstan','5','RF',to_date('83/10/05','RR/MM/DD'));
Insert into HR.PLAYERS (ID,FIRSTNAME,LASTNAME,SHIRTNUMBER,NATIONALITY,TEAM_ID,POSITION,DATE_OF_BIRTH) values ('56','Declan','Jarvis','1','Greenland','6','RW',to_date('92/11/18','RR/MM/DD'));
Insert into HR.PLAYERS (ID,FIRSTNAME,LASTNAME,SHIRTNUMBER,NATIONALITY,TEAM_ID,POSITION,DATE_OF_BIRTH) values ('57','Zachery','Larsen','2','Micronesia','6','RM',to_date('95/05/18','RR/MM/DD'));
Insert into HR.PLAYERS (ID,FIRSTNAME,LASTNAME,SHIRTNUMBER,NATIONALITY,TEAM_ID,POSITION,DATE_OF_BIRTH) values ('58','George','Morris','3','Tonga','6','CDM',to_date('95/06/19','RR/MM/DD'));
Insert into HR.PLAYERS (ID,FIRSTNAME,LASTNAME,SHIRTNUMBER,NATIONALITY,TEAM_ID,POSITION,DATE_OF_BIRTH) values ('59','Rudyard','Knapp','4','Brunei Darussalam','6','CB',to_date('84/10/28','RR/MM/DD'));
Insert into HR.PLAYERS (ID,FIRSTNAME,LASTNAME,SHIRTNUMBER,NATIONALITY,TEAM_ID,POSITION,DATE_OF_BIRTH) values ('60','Lionel','Jordan','5','Russian Federation','6','LM',to_date('86/05/05','RR/MM/DD'));
Insert into HR.PLAYERS (ID,FIRSTNAME,LASTNAME,SHIRTNUMBER,NATIONALITY,TEAM_ID,POSITION,DATE_OF_BIRTH) values ('61','Amos','Nash','6','Malawi','6','RW',to_date('96/12/02','RR/MM/DD'));
Insert into HR.PLAYERS (ID,FIRSTNAME,LASTNAME,SHIRTNUMBER,NATIONALITY,TEAM_ID,POSITION,DATE_OF_BIRTH) values ('62','Dustin','Wilder','7','Suriname','6','ST',to_date('88/06/16','RR/MM/DD'));
Insert into HR.PLAYERS (ID,FIRSTNAME,LASTNAME,SHIRTNUMBER,NATIONALITY,TEAM_ID,POSITION,DATE_OF_BIRTH) values ('63','Ashton','Petty','8','Paraguay','6','CB',to_date('83/06/26','RR/MM/DD'));
Insert into HR.PLAYERS (ID,FIRSTNAME,LASTNAME,SHIRTNUMBER,NATIONALITY,TEAM_ID,POSITION,DATE_OF_BIRTH) values ('64','Lyle','Montoya','9','Peru','6','CB',to_date('84/12/22','RR/MM/DD'));
Insert into HR.PLAYERS (ID,FIRSTNAME,LASTNAME,SHIRTNUMBER,NATIONALITY,TEAM_ID,POSITION,DATE_OF_BIRTH) values ('65','Leonard','Knowles','10','Palau','6','RB',to_date('93/01/19','RR/MM/DD'));
Insert into HR.PLAYERS (ID,FIRSTNAME,LASTNAME,SHIRTNUMBER,NATIONALITY,TEAM_ID,POSITION,DATE_OF_BIRTH) values ('66','Daniel','Solomon','11','Madagascar','6','CB',to_date('83/04/06','RR/MM/DD'));
Insert into HR.PLAYERS (ID,FIRSTNAME,LASTNAME,SHIRTNUMBER,NATIONALITY,TEAM_ID,POSITION,DATE_OF_BIRTH) values ('67','Warren','Pierce','1','Dominica','7','LW',to_date('90/02/18','RR/MM/DD'));
Insert into HR.PLAYERS (ID,FIRSTNAME,LASTNAME,SHIRTNUMBER,NATIONALITY,TEAM_ID,POSITION,DATE_OF_BIRTH) values ('68','Hashim','Robinson','2','Panama','7','LB',to_date('93/06/22','RR/MM/DD'));
Insert into HR.PLAYERS (ID,FIRSTNAME,LASTNAME,SHIRTNUMBER,NATIONALITY,TEAM_ID,POSITION,DATE_OF_BIRTH) values ('69','Elliott','Holloway','3','Tanzania, United Republic of','7','ST',to_date('89/05/31','RR/MM/DD'));
Insert into HR.PLAYERS (ID,FIRSTNAME,LASTNAME,SHIRTNUMBER,NATIONALITY,TEAM_ID,POSITION,DATE_OF_BIRTH) values ('70','Garrison','Rivera','4','Dominican Republic','7','CM',to_date('95/06/04','RR/MM/DD'));
Insert into HR.PLAYERS (ID,FIRSTNAME,LASTNAME,SHIRTNUMBER,NATIONALITY,TEAM_ID,POSITION,DATE_OF_BIRTH) values ('71','Brent','Ashley','5','Lithuania','7','RB',to_date('88/05/11','RR/MM/DD'));
Insert into HR.PLAYERS (ID,FIRSTNAME,LASTNAME,SHIRTNUMBER,NATIONALITY,TEAM_ID,POSITION,DATE_OF_BIRTH) values ('72','Warren','Dodson','6','Korea, Republic of','7','CM',to_date('89/03/14','RR/MM/DD'));
Insert into HR.PLAYERS (ID,FIRSTNAME,LASTNAME,SHIRTNUMBER,NATIONALITY,TEAM_ID,POSITION,DATE_OF_BIRTH) values ('73','Cruz','Dean','7','Hungary','7','CM',to_date('97/07/05','RR/MM/DD'));
Insert into HR.PLAYERS (ID,FIRSTNAME,LASTNAME,SHIRTNUMBER,NATIONALITY,TEAM_ID,POSITION,DATE_OF_BIRTH) values ('74','Edward','Higgins','8','Mongolia','7','RB',to_date('82/07/03','RR/MM/DD'));
Insert into HR.PLAYERS (ID,FIRSTNAME,LASTNAME,SHIRTNUMBER,NATIONALITY,TEAM_ID,POSITION,DATE_OF_BIRTH) values ('75','Chadwick','Ellis','9','Benin','7','LW',to_date('88/07/09','RR/MM/DD'));
Insert into HR.PLAYERS (ID,FIRSTNAME,LASTNAME,SHIRTNUMBER,NATIONALITY,TEAM_ID,POSITION,DATE_OF_BIRTH) values ('76','Marsden','Mosley','10','Wallis and Futuna','7','ST',to_date('93/08/30','RR/MM/DD'));
Insert into HR.PLAYERS (ID,FIRSTNAME,LASTNAME,SHIRTNUMBER,NATIONALITY,TEAM_ID,POSITION,DATE_OF_BIRTH) values ('77','Ryder','Shelton','11','Haiti','7','CB',to_date('93/05/10','RR/MM/DD'));
Insert into HR.PLAYERS (ID,FIRSTNAME,LASTNAME,SHIRTNUMBER,NATIONALITY,TEAM_ID,POSITION,DATE_OF_BIRTH) values ('78','Cain','Fletcher','1','Tunisia','8','RF',to_date('85/09/27','RR/MM/DD'));
Insert into HR.PLAYERS (ID,FIRSTNAME,LASTNAME,SHIRTNUMBER,NATIONALITY,TEAM_ID,POSITION,DATE_OF_BIRTH) values ('79','Ishmael','Clay','2','Bulgaria','8','RF',to_date('89/01/13','RR/MM/DD'));
Insert into HR.PLAYERS (ID,FIRSTNAME,LASTNAME,SHIRTNUMBER,NATIONALITY,TEAM_ID,POSITION,DATE_OF_BIRTH) values ('80','Robert','Brown','3','Cayman Islands','8','RM',to_date('86/02/07','RR/MM/DD'));
Insert into HR.PLAYERS (ID,FIRSTNAME,LASTNAME,SHIRTNUMBER,NATIONALITY,TEAM_ID,POSITION,DATE_OF_BIRTH) values ('81','Judah','Garcia','4','American Samoa','8','LW',to_date('82/10/30','RR/MM/DD'));
Insert into HR.PLAYERS (ID,FIRSTNAME,LASTNAME,SHIRTNUMBER,NATIONALITY,TEAM_ID,POSITION,DATE_OF_BIRTH) values ('82','Clark','Estes','5','Luxembourg','8','RB',to_date('93/12/31','RR/MM/DD'));
Insert into HR.PLAYERS (ID,FIRSTNAME,LASTNAME,SHIRTNUMBER,NATIONALITY,TEAM_ID,POSITION,DATE_OF_BIRTH) values ('83','Quinn','Parker','6','Svalbard and Jan Mayen','8','ST',to_date('96/02/05','RR/MM/DD'));
Insert into HR.PLAYERS (ID,FIRSTNAME,LASTNAME,SHIRTNUMBER,NATIONALITY,TEAM_ID,POSITION,DATE_OF_BIRTH) values ('84','Quamar','Cervantes','7','Wallis and Futuna','8','RM',to_date('84/10/06','RR/MM/DD'));
Insert into HR.PLAYERS (ID,FIRSTNAME,LASTNAME,SHIRTNUMBER,NATIONALITY,TEAM_ID,POSITION,DATE_OF_BIRTH) values ('85','Daniel','Good','8','Angola','8','ST',to_date('86/11/27','RR/MM/DD'));
Insert into HR.PLAYERS (ID,FIRSTNAME,LASTNAME,SHIRTNUMBER,NATIONALITY,TEAM_ID,POSITION,DATE_OF_BIRTH) values ('86','Sawyer','Thompson','9','Lesotho','8','RF',to_date('83/04/02','RR/MM/DD'));
Insert into HR.PLAYERS (ID,FIRSTNAME,LASTNAME,SHIRTNUMBER,NATIONALITY,TEAM_ID,POSITION,DATE_OF_BIRTH) values ('87','Fitzgerald','Middleton','10','Mauritius','8','LB',to_date('91/12/25','RR/MM/DD'));
Insert into HR.PLAYERS (ID,FIRSTNAME,LASTNAME,SHIRTNUMBER,NATIONALITY,TEAM_ID,POSITION,DATE_OF_BIRTH) values ('88','Hunter','Ellis','11','Singapore','8','ST',to_date('98/02/23','RR/MM/DD'));
Insert into HR.PLAYERS (ID,FIRSTNAME,LASTNAME,SHIRTNUMBER,NATIONALITY,TEAM_ID,POSITION,DATE_OF_BIRTH) values ('89','Shad','Obrien','1','Tunisia','9','ST',to_date('95/01/11','RR/MM/DD'));
Insert into HR.PLAYERS (ID,FIRSTNAME,LASTNAME,SHIRTNUMBER,NATIONALITY,TEAM_ID,POSITION,DATE_OF_BIRTH) values ('90','Wing','Montoya','2','Pitcairn','9','LF',to_date('91/08/13','RR/MM/DD'));
Insert into HR.PLAYERS (ID,FIRSTNAME,LASTNAME,SHIRTNUMBER,NATIONALITY,TEAM_ID,POSITION,DATE_OF_BIRTH) values ('91','Todd','Torres','3','Martinique','9','RM',to_date('94/04/07','RR/MM/DD'));
Insert into HR.PLAYERS (ID,FIRSTNAME,LASTNAME,SHIRTNUMBER,NATIONALITY,TEAM_ID,POSITION,DATE_OF_BIRTH) values ('92','Ralph','Weber','4','Saint Pierre and Miquelon','9','LB',to_date('94/11/18','RR/MM/DD'));
Insert into HR.PLAYERS (ID,FIRSTNAME,LASTNAME,SHIRTNUMBER,NATIONALITY,TEAM_ID,POSITION,DATE_OF_BIRTH) values ('93','Drew','Turner','5','Denmark','9','ST',to_date('84/04/28','RR/MM/DD'));
Insert into HR.PLAYERS (ID,FIRSTNAME,LASTNAME,SHIRTNUMBER,NATIONALITY,TEAM_ID,POSITION,DATE_OF_BIRTH) values ('94','Ezra','Humphrey','6','United Kingdom','9','CM',to_date('93/04/06','RR/MM/DD'));
Insert into HR.PLAYERS (ID,FIRSTNAME,LASTNAME,SHIRTNUMBER,NATIONALITY,TEAM_ID,POSITION,DATE_OF_BIRTH) values ('95','Cain','Holman','7','Ukraine','9','RF',to_date('98/06/16','RR/MM/DD'));
Insert into HR.PLAYERS (ID,FIRSTNAME,LASTNAME,SHIRTNUMBER,NATIONALITY,TEAM_ID,POSITION,DATE_OF_BIRTH) values ('96','Evan','Cochran','8','Cameroon','9','ST',to_date('87/12/15','RR/MM/DD'));
Insert into HR.PLAYERS (ID,FIRSTNAME,LASTNAME,SHIRTNUMBER,NATIONALITY,TEAM_ID,POSITION,DATE_OF_BIRTH) values ('97','Rudyard','Ochoa','9','Cuba','9','LW',to_date('82/08/04','RR/MM/DD'));
Insert into HR.PLAYERS (ID,FIRSTNAME,LASTNAME,SHIRTNUMBER,NATIONALITY,TEAM_ID,POSITION,DATE_OF_BIRTH) values ('98','Griffin','Ortiz','10','Sierra Leone','9','LW',to_date('90/12/19','RR/MM/DD'));
Insert into HR.PLAYERS (ID,FIRSTNAME,LASTNAME,SHIRTNUMBER,NATIONALITY,TEAM_ID,POSITION,DATE_OF_BIRTH) values ('99','Cedric','Rich','11','Macedonia','9','RB',to_date('95/07/16','RR/MM/DD'));
Insert into HR.PLAYERS (ID,FIRSTNAME,LASTNAME,SHIRTNUMBER,NATIONALITY,TEAM_ID,POSITION,DATE_OF_BIRTH) values ('100','Hamilton','Hays','1','Bahamas','10','RM',to_date('97/04/09','RR/MM/DD'));
Insert into HR.PLAYERS (ID,FIRSTNAME,LASTNAME,SHIRTNUMBER,NATIONALITY,TEAM_ID,POSITION,DATE_OF_BIRTH) values ('101','Josiah','Moore','2','Bosnia and Herzegovina','10','RB',to_date('87/12/29','RR/MM/DD'));
Insert into HR.PLAYERS (ID,FIRSTNAME,LASTNAME,SHIRTNUMBER,NATIONALITY,TEAM_ID,POSITION,DATE_OF_BIRTH) values ('102','Brennan','Mcfarland','3','Bhutan','10','LF',to_date('92/06/15','RR/MM/DD'));
Insert into HR.PLAYERS (ID,FIRSTNAME,LASTNAME,SHIRTNUMBER,NATIONALITY,TEAM_ID,POSITION,DATE_OF_BIRTH) values ('103','Alexander','Washington','4','Maldives','10','CM',to_date('90/04/07','RR/MM/DD'));
Insert into HR.PLAYERS (ID,FIRSTNAME,LASTNAME,SHIRTNUMBER,NATIONALITY,TEAM_ID,POSITION,DATE_OF_BIRTH) values ('104','Kirk','Elliott','5','Netherlands','10','CB',to_date('95/03/09','RR/MM/DD'));
Insert into HR.PLAYERS (ID,FIRSTNAME,LASTNAME,SHIRTNUMBER,NATIONALITY,TEAM_ID,POSITION,DATE_OF_BIRTH) values ('106','Graiden','Montoya','7','Norway','10','RB',to_date('95/05/02','RR/MM/DD'));
Insert into HR.PLAYERS (ID,FIRSTNAME,LASTNAME,SHIRTNUMBER,NATIONALITY,TEAM_ID,POSITION,DATE_OF_BIRTH) values ('107','Jameson','Banks','8','Western Sahara','10','RF',to_date('93/11/28','RR/MM/DD'));
Insert into HR.PLAYERS (ID,FIRSTNAME,LASTNAME,SHIRTNUMBER,NATIONALITY,TEAM_ID,POSITION,DATE_OF_BIRTH) values ('108','Sylvester','Mcclure','9','Timor-leste','10','LW',to_date('84/10/10','RR/MM/DD'));
Insert into HR.PLAYERS (ID,FIRSTNAME,LASTNAME,SHIRTNUMBER,NATIONALITY,TEAM_ID,POSITION,DATE_OF_BIRTH) values ('109','Galvin','Nolan','10','Bosnia and Herzegovina','10','LW',to_date('93/12/03','RR/MM/DD'));
Insert into HR.PLAYERS (ID,FIRSTNAME,LASTNAME,SHIRTNUMBER,NATIONALITY,TEAM_ID,POSITION,DATE_OF_BIRTH) values ('110','Nehru','Case','11','Singapore','10','CB',to_date('88/04/11','RR/MM/DD'));
Insert into HR.PLAYERS (ID,FIRSTNAME,LASTNAME,SHIRTNUMBER,NATIONALITY,TEAM_ID,POSITION,DATE_OF_BIRTH) values ('210','Eagan','Blackburn','1','Svalbard and Jan Mayen','20','CB',to_date('92/03/31','RR/MM/DD'));
Insert into HR.PLAYERS (ID,FIRSTNAME,LASTNAME,SHIRTNUMBER,NATIONALITY,TEAM_ID,POSITION,DATE_OF_BIRTH) values ('211','Amal','Walter','2','Netherlands','20','CDM',to_date('94/01/28','RR/MM/DD'));
Insert into HR.PLAYERS (ID,FIRSTNAME,LASTNAME,SHIRTNUMBER,NATIONALITY,TEAM_ID,POSITION,DATE_OF_BIRTH) values ('212','Lewis','Woods','3','Kazakhstan','20','LB',to_date('82/10/29','RR/MM/DD'));
Insert into HR.PLAYERS (ID,FIRSTNAME,LASTNAME,SHIRTNUMBER,NATIONALITY,TEAM_ID,POSITION,DATE_OF_BIRTH) values ('213','Lucian','Kent','4','Equatorial Guinea','20','RM',to_date('92/08/10','RR/MM/DD'));
Insert into HR.PLAYERS (ID,FIRSTNAME,LASTNAME,SHIRTNUMBER,NATIONALITY,TEAM_ID,POSITION,DATE_OF_BIRTH) values ('214','Ciaran','Lloyd','5','Taiwan, Province of China','20','RW',to_date('92/01/20','RR/MM/DD'));
Insert into HR.PLAYERS (ID,FIRSTNAME,LASTNAME,SHIRTNUMBER,NATIONALITY,TEAM_ID,POSITION,DATE_OF_BIRTH) values ('215','Hector','Odom','6','Martinique','20','RW',to_date('85/07/30','RR/MM/DD'));
Insert into HR.PLAYERS (ID,FIRSTNAME,LASTNAME,SHIRTNUMBER,NATIONALITY,TEAM_ID,POSITION,DATE_OF_BIRTH) values ('216','Bruno','Ashley','7','Peru','20','ST',to_date('83/09/22','RR/MM/DD'));
Insert into HR.PLAYERS (ID,FIRSTNAME,LASTNAME,SHIRTNUMBER,NATIONALITY,TEAM_ID,POSITION,DATE_OF_BIRTH) values ('217','Gavin','Sloan','8','Turkey','20','LM',to_date('94/07/12','RR/MM/DD'));
Insert into HR.PLAYERS (ID,FIRSTNAME,LASTNAME,SHIRTNUMBER,NATIONALITY,TEAM_ID,POSITION,DATE_OF_BIRTH) values ('218','Lester','Hahn','9','Niue','20','RM',to_date('91/07/11','RR/MM/DD'));
Insert into HR.PLAYERS (ID,FIRSTNAME,LASTNAME,SHIRTNUMBER,NATIONALITY,TEAM_ID,POSITION,DATE_OF_BIRTH) values ('219','Vance','Madden','10','Jordan','20','RB',to_date('93/10/09','RR/MM/DD'));
Insert into HR.PLAYERS (ID,FIRSTNAME,LASTNAME,SHIRTNUMBER,NATIONALITY,TEAM_ID,POSITION,DATE_OF_BIRTH) values ('220','Aaron','Howe','11','Gambia','20','RF',to_date('86/04/24','RR/MM/DD'));
Insert into HR.PLAYERS (ID,FIRSTNAME,LASTNAME,SHIRTNUMBER,NATIONALITY,TEAM_ID,POSITION,DATE_OF_BIRTH) values ('199','Jack','Oconnor','1','Denmark','19','RW',to_date('93/01/03','RR/MM/DD'));
Insert into HR.PLAYERS (ID,FIRSTNAME,LASTNAME,SHIRTNUMBER,NATIONALITY,TEAM_ID,POSITION,DATE_OF_BIRTH) values ('200','Kareem','Wong','2','Grenada','19','CM',to_date('93/05/09','RR/MM/DD'));
Insert into HR.PLAYERS (ID,FIRSTNAME,LASTNAME,SHIRTNUMBER,NATIONALITY,TEAM_ID,POSITION,DATE_OF_BIRTH) values ('201','Cooper','Casey','3','Ecuador','19','CDM',to_date('94/07/05','RR/MM/DD'));
Insert into HR.PLAYERS (ID,FIRSTNAME,LASTNAME,SHIRTNUMBER,NATIONALITY,TEAM_ID,POSITION,DATE_OF_BIRTH) values ('202','Blaze','Dean','4','Pakistan','19','RF',to_date('90/05/22','RR/MM/DD'));
Insert into HR.PLAYERS (ID,FIRSTNAME,LASTNAME,SHIRTNUMBER,NATIONALITY,TEAM_ID,POSITION,DATE_OF_BIRTH) values ('203','Knox','Lawrence','5','Nepal','19','RM',to_date('89/05/28','RR/MM/DD'));
Insert into HR.PLAYERS (ID,FIRSTNAME,LASTNAME,SHIRTNUMBER,NATIONALITY,TEAM_ID,POSITION,DATE_OF_BIRTH) values ('204','Griffith','Church','6','Equatorial Guinea','19','LF',to_date('86/02/23','RR/MM/DD'));
Insert into HR.PLAYERS (ID,FIRSTNAME,LASTNAME,SHIRTNUMBER,NATIONALITY,TEAM_ID,POSITION,DATE_OF_BIRTH) values ('205','Omar','Payne','7','Barbados','19','CM',to_date('96/11/23','RR/MM/DD'));
Insert into HR.PLAYERS (ID,FIRSTNAME,LASTNAME,SHIRTNUMBER,NATIONALITY,TEAM_ID,POSITION,DATE_OF_BIRTH) values ('206','Beck','Tyler','8','Colombia','19','LM',to_date('88/02/24','RR/MM/DD'));
Insert into HR.PLAYERS (ID,FIRSTNAME,LASTNAME,SHIRTNUMBER,NATIONALITY,TEAM_ID,POSITION,DATE_OF_BIRTH) values ('207','Bruce','Mccall','9','Rwanda','19','GK',to_date('86/11/20','RR/MM/DD'));
Insert into HR.PLAYERS (ID,FIRSTNAME,LASTNAME,SHIRTNUMBER,NATIONALITY,TEAM_ID,POSITION,DATE_OF_BIRTH) values ('208','Cyrus','Knapp','10','Vanuatu','19','LB',to_date('87/12/21','RR/MM/DD'));
Insert into HR.PLAYERS (ID,FIRSTNAME,LASTNAME,SHIRTNUMBER,NATIONALITY,TEAM_ID,POSITION,DATE_OF_BIRTH) values ('209','Linus','Silva','11','Guyana','19','RB',to_date('94/06/28','RR/MM/DD'));
Insert into HR.PLAYERS (ID,FIRSTNAME,LASTNAME,SHIRTNUMBER,NATIONALITY,TEAM_ID,POSITION,DATE_OF_BIRTH) values ('188','Lev','Irwin','1','Turkmenistan','18','LW',to_date('90/09/21','RR/MM/DD'));
Insert into HR.PLAYERS (ID,FIRSTNAME,LASTNAME,SHIRTNUMBER,NATIONALITY,TEAM_ID,POSITION,DATE_OF_BIRTH) values ('189','Nash','Mcclain','2','Lithuania','18','CDM',to_date('91/04/15','RR/MM/DD'));
Insert into HR.PLAYERS (ID,FIRSTNAME,LASTNAME,SHIRTNUMBER,NATIONALITY,TEAM_ID,POSITION,DATE_OF_BIRTH) values ('190','Amos','Dunn','3','Egypt','18','RF',to_date('87/02/26','RR/MM/DD'));
Insert into HR.PLAYERS (ID,FIRSTNAME,LASTNAME,SHIRTNUMBER,NATIONALITY,TEAM_ID,POSITION,DATE_OF_BIRTH) values ('191','Connor','Cummings','4','Macao','18','CM',to_date('92/09/09','RR/MM/DD'));
Insert into HR.PLAYERS (ID,FIRSTNAME,LASTNAME,SHIRTNUMBER,NATIONALITY,TEAM_ID,POSITION,DATE_OF_BIRTH) values ('192','Merritt','Gillespie','5','Syrian Arab Republic','18','LW',to_date('84/02/20','RR/MM/DD'));
Insert into HR.PLAYERS (ID,FIRSTNAME,LASTNAME,SHIRTNUMBER,NATIONALITY,TEAM_ID,POSITION,DATE_OF_BIRTH) values ('193','Felix','Wilkins','6','Myanmar','18','LW',to_date('82/12/09','RR/MM/DD'));
Insert into HR.PLAYERS (ID,FIRSTNAME,LASTNAME,SHIRTNUMBER,NATIONALITY,TEAM_ID,POSITION,DATE_OF_BIRTH) values ('194','Mason','Shepherd','7','Estonia','18','CB',to_date('82/12/19','RR/MM/DD'));
Insert into HR.PLAYERS (ID,FIRSTNAME,LASTNAME,SHIRTNUMBER,NATIONALITY,TEAM_ID,POSITION,DATE_OF_BIRTH) values ('195','Murphy','Holder','8','Benin','18','LF',to_date('97/10/12','RR/MM/DD'));
Insert into HR.PLAYERS (ID,FIRSTNAME,LASTNAME,SHIRTNUMBER,NATIONALITY,TEAM_ID,POSITION,DATE_OF_BIRTH) values ('196','Emerson','Sweeney','9','Montserrat','18','LB',to_date('86/05/20','RR/MM/DD'));
Insert into HR.PLAYERS (ID,FIRSTNAME,LASTNAME,SHIRTNUMBER,NATIONALITY,TEAM_ID,POSITION,DATE_OF_BIRTH) values ('197','Julian','Fields','10','Zimbabwe','18','RB',to_date('84/01/16','RR/MM/DD'));
Insert into HR.PLAYERS (ID,FIRSTNAME,LASTNAME,SHIRTNUMBER,NATIONALITY,TEAM_ID,POSITION,DATE_OF_BIRTH) values ('198','Davis','Leach','11','Macedonia','18','CDM',to_date('88/12/14','RR/MM/DD'));
Insert into HR.PLAYERS (ID,FIRSTNAME,LASTNAME,SHIRTNUMBER,NATIONALITY,TEAM_ID,POSITION,DATE_OF_BIRTH) values ('177','Griffith','Ayala','1','Ethiopia','17','ST',to_date('89/12/24','RR/MM/DD'));
REM INSERTING into HR.TEAMS
SET DEFINE OFF;
Insert into HR.TEAMS (ID,NAME,COUNTRY,LEAGUE_ID,POINTS,GAMES,GAMESWON,GAMESDRAW,GAMESLOST,GOALSSCORED,GOALSLOST) values ('1','FC Barcelona','Spain','1','35','18','11','2','5','25','17');
Insert into HR.TEAMS (ID,NAME,COUNTRY,LEAGUE_ID,POINTS,GAMES,GAMESWON,GAMESDRAW,GAMESLOST,GOALSSCORED,GOALSLOST) values ('2','Real Madrid CF','Spain','1','15','18','4','3','11','25','33');
Insert into HR.TEAMS (ID,NAME,COUNTRY,LEAGUE_ID,POINTS,GAMES,GAMESWON,GAMESDRAW,GAMESLOST,GOALSSCORED,GOALSLOST) values ('3','Atletico Madrid','Spain','1','34','18','10','4','4','28','23');
Insert into HR.TEAMS (ID,NAME,COUNTRY,LEAGUE_ID,POINTS,GAMES,GAMESWON,GAMESDRAW,GAMESLOST,GOALSSCORED,GOALSLOST) values ('4','Valencia','Spain','1','36','18','11','3','4','28','24');
Insert into HR.TEAMS (ID,NAME,COUNTRY,LEAGUE_ID,POINTS,GAMES,GAMESWON,GAMESDRAW,GAMESLOST,GOALSSCORED,GOALSLOST) values ('5','Sevilla','Spain','1','27','18','8','3','7','22','22');
Insert into HR.TEAMS (ID,NAME,COUNTRY,LEAGUE_ID,POINTS,GAMES,GAMESWON,GAMESDRAW,GAMESLOST,GOALSSCORED,GOALSLOST) values ('6','Espaynol','Spain','1','20','18','6','2','10','22','27');
Insert into HR.TEAMS (ID,NAME,COUNTRY,LEAGUE_ID,POINTS,GAMES,GAMESWON,GAMESDRAW,GAMESLOST,GOALSSCORED,GOALSLOST) values ('7','Getafe','Spain','1','18','18','5','3','10','24','35');
Insert into HR.TEAMS (ID,NAME,COUNTRY,LEAGUE_ID,POINTS,GAMES,GAMESWON,GAMESDRAW,GAMESLOST,GOALSSCORED,GOALSLOST) values ('8','Athletic Bilbao','Spain','1','23','18','6','5','7','29','24');
Insert into HR.TEAMS (ID,NAME,COUNTRY,LEAGUE_ID,POINTS,GAMES,GAMESWON,GAMESDRAW,GAMESLOST,GOALSSCORED,GOALSLOST) values ('9','Real Sociedad','Spain','1','34','18','10','4','4','35','19');
Insert into HR.TEAMS (ID,NAME,COUNTRY,LEAGUE_ID,POINTS,GAMES,GAMESWON,GAMESDRAW,GAMESLOST,GOALSSCORED,GOALSLOST) values ('10','Betis','Spain','1','13','18','4','1','13','16','30');
Insert into HR.TEAMS (ID,NAME,COUNTRY,LEAGUE_ID,POINTS,GAMES,GAMESWON,GAMESDRAW,GAMESLOST,GOALSSCORED,GOALSLOST) values ('11','Liverpool','England','2','31','18','9','4','5','24','16');
Insert into HR.TEAMS (ID,NAME,COUNTRY,LEAGUE_ID,POINTS,GAMES,GAMESWON,GAMESDRAW,GAMESLOST,GOALSSCORED,GOALSLOST) values ('12','Manchester City','England','2','15','18','3','6','9','19','27');
Insert into HR.TEAMS (ID,NAME,COUNTRY,LEAGUE_ID,POINTS,GAMES,GAMESWON,GAMESDRAW,GAMESLOST,GOALSSCORED,GOALSLOST) values ('13','Manchester United','England','2','26','18','7','5','6','19','24');
Insert into HR.TEAMS (ID,NAME,COUNTRY,LEAGUE_ID,POINTS,GAMES,GAMESWON,GAMESDRAW,GAMESLOST,GOALSSCORED,GOALSLOST) values ('14','Arsenal London','England','2','32','18','9','5','4','22','20');
Insert into HR.TEAMS (ID,NAME,COUNTRY,LEAGUE_ID,POINTS,GAMES,GAMESWON,GAMESDRAW,GAMESLOST,GOALSSCORED,GOALSLOST) values ('15','Chelsea FC','England','2','26','18','7','5','6','23','23');
Insert into HR.TEAMS (ID,NAME,COUNTRY,LEAGUE_ID,POINTS,GAMES,GAMESWON,GAMESDRAW,GAMESLOST,GOALSSCORED,GOALSLOST) values ('16','Tottenham Hotspur','England','2','26','18','8','2','8','28','23');
Insert into HR.TEAMS (ID,NAME,COUNTRY,LEAGUE_ID,POINTS,GAMES,GAMESWON,GAMESDRAW,GAMESLOST,GOALSSCORED,GOALSLOST) values ('17','Leicester','England','2','21','18','6','3','9','22','30');
Insert into HR.TEAMS (ID,NAME,COUNTRY,LEAGUE_ID,POINTS,GAMES,GAMESWON,GAMESDRAW,GAMESLOST,GOALSSCORED,GOALSLOST) values ('18','Everton','England','2','29','18','8','5','5','33','25');
Insert into HR.TEAMS (ID,NAME,COUNTRY,LEAGUE_ID,POINTS,GAMES,GAMESWON,GAMESDRAW,GAMESLOST,GOALSSCORED,GOALSLOST) values ('19','West Ham','England','2','28','18','8','4','6','29','21');
Insert into HR.TEAMS (ID,NAME,COUNTRY,LEAGUE_ID,POINTS,GAMES,GAMESWON,GAMESDRAW,GAMESLOST,GOALSSCORED,GOALSLOST) values ('20','Watford','England','2','15','18','4','3','11','18','28');
Insert into HR.TEAMS (ID,NAME,COUNTRY,LEAGUE_ID,POINTS,GAMES,GAMESWON,GAMESDRAW,GAMESLOST,GOALSSCORED,GOALSLOST) values ('21','Legia Warszawa','Poland','3','30','18','8','6','4','20','14');
Insert into HR.TEAMS (ID,NAME,COUNTRY,LEAGUE_ID,POINTS,GAMES,GAMESWON,GAMESDRAW,GAMESLOST,GOALSSCORED,GOALSLOST) values ('22','Lech Poznan','Poland','3','25','18','7','4','7','19','21');
Insert into HR.TEAMS (ID,NAME,COUNTRY,LEAGUE_ID,POINTS,GAMES,GAMESWON,GAMESDRAW,GAMESLOST,GOALSSCORED,GOALSLOST) values ('23','Piast Gliwice','Poland','3','23','18','6','5','7','21','23');
Insert into HR.TEAMS (ID,NAME,COUNTRY,LEAGUE_ID,POINTS,GAMES,GAMESWON,GAMESDRAW,GAMESLOST,GOALSSCORED,GOALSLOST) values ('24','Lechia Gdansk','Poland','3','33','18','10','3','5','23','21');
Insert into HR.TEAMS (ID,NAME,COUNTRY,LEAGUE_ID,POINTS,GAMES,GAMESWON,GAMESDRAW,GAMESLOST,GOALSSCORED,GOALSLOST) values ('25','Cracovia','Poland','3','23','18','6','5','7','24','27');
Insert into HR.TEAMS (ID,NAME,COUNTRY,LEAGUE_ID,POINTS,GAMES,GAMESWON,GAMESDRAW,GAMESLOST,GOALSSCORED,GOALSLOST) values ('26','Jagiellonia Bialystok','Poland','3','26','18','7','5','6','29','24');
Insert into HR.TEAMS (ID,NAME,COUNTRY,LEAGUE_ID,POINTS,GAMES,GAMESWON,GAMESDRAW,GAMESLOST,GOALSSCORED,GOALSLOST) values ('27','Wisla Krakow','Poland','3','22','18','6','4','8','25','26');
Insert into HR.TEAMS (ID,NAME,COUNTRY,LEAGUE_ID,POINTS,GAMES,GAMESWON,GAMESDRAW,GAMESLOST,GOALSSCORED,GOALSLOST) values ('28','Slask Wroclaw','Poland','3','21','18','6','3','9','25','26');
Insert into HR.TEAMS (ID,NAME,COUNTRY,LEAGUE_ID,POINTS,GAMES,GAMESWON,GAMESDRAW,GAMESLOST,GOALSSCORED,GOALSLOST) values ('29','Arka Gdynia','Poland','3','29','18','8','5','5','28','19');
Insert into HR.TEAMS (ID,NAME,COUNTRY,LEAGUE_ID,POINTS,GAMES,GAMESWON,GAMESDRAW,GAMESLOST,GOALSSCORED,GOALSLOST) values ('30','Korona Kielce','Poland','3','17','18','5','2','11','15','28');
--------------------------------------------------------
--  DDL for Index COACHES__IDX
--------------------------------------------------------

  CREATE UNIQUE INDEX "HR"."COACHES__IDX" ON "HR"."COACHES" ("TEAM_ID") 
  PCTFREE 10 INITRANS 2 MAXTRANS 255 COMPUTE STATISTICS 
  STORAGE(INITIAL 65536 NEXT 1048576 MINEXTENTS 1 MAXEXTENTS 2147483645
  PCTINCREASE 0 FREELISTS 1 FREELIST GROUPS 1 BUFFER_POOL DEFAULT FLASH_CACHE DEFAULT CELL_FLASH_CACHE DEFAULT)
  TABLESPACE "USERS" ;
--------------------------------------------------------
--  DDL for Index COACHES_PK
--------------------------------------------------------

  CREATE UNIQUE INDEX "HR"."COACHES_PK" ON "HR"."COACHES" ("ID") 
  PCTFREE 10 INITRANS 2 MAXTRANS 255 COMPUTE STATISTICS 
  STORAGE(INITIAL 65536 NEXT 1048576 MINEXTENTS 1 MAXEXTENTS 2147483645
  PCTINCREASE 0 FREELISTS 1 FREELIST GROUPS 1 BUFFER_POOL DEFAULT FLASH_CACHE DEFAULT CELL_FLASH_CACHE DEFAULT)
  TABLESPACE "USERS" ;
--------------------------------------------------------
--  DDL for Index GAMES_PK
--------------------------------------------------------

  CREATE UNIQUE INDEX "HR"."GAMES_PK" ON "HR"."GAMES" ("ID") 
  PCTFREE 10 INITRANS 2 MAXTRANS 255 COMPUTE STATISTICS 
  STORAGE(INITIAL 65536 NEXT 1048576 MINEXTENTS 1 MAXEXTENTS 2147483645
  PCTINCREASE 0 FREELISTS 1 FREELIST GROUPS 1 BUFFER_POOL DEFAULT FLASH_CACHE DEFAULT CELL_FLASH_CACHE DEFAULT)
  TABLESPACE "USERS" ;
--------------------------------------------------------
--  DDL for Index LEAGUES_PK
--------------------------------------------------------

  CREATE UNIQUE INDEX "HR"."LEAGUES_PK" ON "HR"."LEAGUES" ("ID") 
  PCTFREE 10 INITRANS 2 MAXTRANS 255 COMPUTE STATISTICS 
  STORAGE(INITIAL 65536 NEXT 1048576 MINEXTENTS 1 MAXEXTENTS 2147483645
  PCTINCREASE 0 FREELISTS 1 FREELIST GROUPS 1 BUFFER_POOL DEFAULT FLASH_CACHE DEFAULT CELL_FLASH_CACHE DEFAULT)
  TABLESPACE "USERS" ;
--------------------------------------------------------
--  DDL for Index PLAYERS_PK
--------------------------------------------------------

  CREATE UNIQUE INDEX "HR"."PLAYERS_PK" ON "HR"."PLAYERS" ("ID") 
  PCTFREE 10 INITRANS 2 MAXTRANS 255 COMPUTE STATISTICS 
  STORAGE(INITIAL 65536 NEXT 1048576 MINEXTENTS 1 MAXEXTENTS 2147483645
  PCTINCREASE 0 FREELISTS 1 FREELIST GROUPS 1 BUFFER_POOL DEFAULT FLASH_CACHE DEFAULT CELL_FLASH_CACHE DEFAULT)
  TABLESPACE "USERS" ;
--------------------------------------------------------
--  DDL for Index TEAMS_PK
--------------------------------------------------------

  CREATE UNIQUE INDEX "HR"."TEAMS_PK" ON "HR"."TEAMS" ("ID") 
  PCTFREE 10 INITRANS 2 MAXTRANS 255 COMPUTE STATISTICS 
  STORAGE(INITIAL 65536 NEXT 1048576 MINEXTENTS 1 MAXEXTENTS 2147483645
  PCTINCREASE 0 FREELISTS 1 FREELIST GROUPS 1 BUFFER_POOL DEFAULT FLASH_CACHE DEFAULT CELL_FLASH_CACHE DEFAULT)
  TABLESPACE "USERS" ;
--------------------------------------------------------
--  DDL for Trigger TEAMSTATS
--------------------------------------------------------

  CREATE OR REPLACE TRIGGER "HR"."TEAMSTATS" 
AFTER INSERT OR UPDATE OR DELETE ON GAMES 
FOR EACH ROW 
BEGIN
  IF INSERTING THEN
    UPDATE Teams SET Games = Games + 1
    WHERE :new.team_id=teams.id
    OR :new.team_id2=teams.id;
    UPDATE Teams SET Points = Points + 3, Gameswon = Gameswon + 1
    WHERE :new.team_id=teams.id AND :new.homescore > :new.awayscore;
    UPDATE Teams SET Points = Points + 3, Gameswon = Gameswon + 1
    WHERE :new.team_id2=teams.id AND :new.awayscore > :new.homescore;
    UPDATE Teams SET Gameslost = Gameslost + 1
    WHERE :new.team_id=teams.id AND :new.homescore < :new.awayscore;
    UPDATE Teams SET Gameslost = Gameslost + 1
    WHERE :new.team_id2=teams.id AND :new.awayscore < :new.homescore;
    UPDATE Teams SET Gamesdraw = Gamesdraw + 1, Points = Points + 1
    WHERE :new.team_id=teams.id AND :new.awayscore = :new.homescore;
    UPDATE Teams SET Gamesdraw = Gamesdraw + 1, Points = Points + 1
    WHERE :new.team_id2=teams.id AND :new.awayscore = :new.homescore;
    UPDATE Teams SET Goalsscored = Goalsscored + :new.homescore, Goalslost = Goalslost + :new.awayscore
    WHERE :new.team_id=teams.id;
    UPDATE Teams SET Goalsscored = Goalsscored + :new.awayscore, Goalslost = Goalslost + :new.homescore
    WHERE :new.team_id2=teams.id;
  END IF;

  IF UPDATING THEN
  
    IF :old.team_id != :new.team_id THEN
        IF :new.homescore > :new.awayscore THEN
            UPDATE Teams SET Points = Points - 3, Games = Games - 1, Gameswon = Gameswon - 1, Goalsscored = Goalsscored - :new.homescore, Goalslost = Goalslost - :new.awayscore
            WHERE :old.team_id=teams.id;
            UPDATE Teams SET Points = Points + 3, Games = Games + 1, Gameswon = Gameswon + 1, Goalsscored = Goalsscored + :new.homescore, Goalslost = Goalslost + :new.awayscore
            WHERE :new.team_id=teams.id;
        ELSIF :new.homescore = :new.awayscore THEN
            UPDATE Teams SET Points = Points - 1, Games = Games - 1, Gamesdraw = Gamesdraw - 1, Goalsscored = Goalsscored - :new.homescore, Goalslost = Goalslost - :new.awayscore
            WHERE :old.team_id=teams.id;
            UPDATE Teams SET Points = Points + 1, Games = Games + 1, Gamesdraw = Gamesdraw + 1, Goalsscored = Goalsscored + :new.homescore, Goalslost = Goalslost + :new.awayscore
            WHERE :new.team_id=teams.id;
        ELSIF :new.homescore < :new.awayscore THEN
            UPDATE Teams SET Games = Games - 1, Gameslost = Gameslost - 1, Goalsscored = Goalsscored - :new.homescore, Goalslost = Goalslost - :new.awayscore
            WHERE :old.team_id=teams.id;
            UPDATE Teams SET Games = Games + 1, Gameslost = Gameslost + 1, Goalsscored = Goalsscored + :new.homescore, Goalslost = Goalslost + :new.awayscore
            WHERE :new.team_id=teams.id;
        END IF;
    END IF;
    
    IF :old.team_id2 != :new.team_id2 THEN
        IF :new.awayscore > :new.homescore THEN
            UPDATE Teams SET Points = Points - 3, Games = Games - 1, Gameswon = Gameswon - 1, Goalsscored = Goalsscored - :new.awayscore, Goalslost = Goalslost - :new.homescore
            WHERE :old.team_id2=teams.id;
            UPDATE Teams SET Points = Points + 3, Games = Games + 1, Gameswon = Gameswon + 1, Goalsscored = Goalsscored + :new.awayscore, Goalslost = Goalslost + :new.homescore
            WHERE :new.team_id2=teams.id;
        ELSIF :new.homescore = :new.awayscore THEN
            UPDATE Teams SET Points = Points - 1, Games = Games - 1, Gamesdraw = Gamesdraw - 1, Goalsscored = Goalsscored - :new.awayscore, Goalslost = Goalslost - :new.homescore
            WHERE :old.team_id2=teams.id;
            UPDATE Teams SET Points = Points + 1, Games = Games + 1, Gamesdraw = Gamesdraw + 1, Goalsscored = Goalsscored + :new.awayscore, Goalslost = Goalslost + :new.homescore
            WHERE :new.team_id2=teams.id;
        ELSIF :new.awayscore < :new.homescore THEN
            UPDATE Teams SET Games = Games - 1, Gameslost = Gameslost - 1, Goalsscored = Goalsscored - :new.awayscore, Goalslost = Goalslost - :new.homescore
            WHERE :old.team_id2=teams.id;
            UPDATE Teams SET Games = Games + 1, Gameslost = Gameslost + 1, Goalsscored = Goalsscored + :new.awayscore, Goalslost = Goalslost + :new.homescore
            WHERE :new.team_id2=teams.id;
        END IF;
    END IF;
    
    IF :old.homescore != :new.homescore AND :old.awayscore != :new.awayscore THEN
    
        UPDATE Teams SET Goalsscored = Goalsscored - :old.homescore + :new.homescore
        WHERE :new.team_id=teams.id;
        UPDATE Teams SET Goalslost = Goalslost - :old.homescore + :new.homescore
        WHERE :new.team_id2=teams.id;
        
        UPDATE Teams SET Goalslost = Goalslost - :old.awayscore + :new.awayscore
        WHERE :new.team_id=teams.id;
        UPDATE Teams SET Goalsscored = Goalsscored - :old.awayscore + :new.awayscore
        WHERE :new.team_id2=teams.id;
        
        IF :old.awayscore < :old.homescore AND :new.awayscore > :new.homescore THEN 
            UPDATE Teams SET Points = Points + 3, Gameslost = Gameslost - 1, Gameswon = Gameswon + 1
            WHERE :new.team_id2=teams.id;
            UPDATE Teams SET Points = Points - 3, Gameslost = Gameslost + 1, Gameswon = Gameswon - 1
            WHERE :new.team_id=teams.id;
        ElSIF :old.awayscore < :old.homescore AND :new.awayscore = :new.homescore THEN
            UPDATE Teams SET Points = Points + 1, Gameslost = Gameslost - 1, Gamesdraw = Gamesdraw + 1
            WHERE :new.team_id2=teams.id;
            UPDATE Teams SET Points = Points - 2, Gamesdraw = Gamesdraw + 1, Gameswon = Gameswon - 1
            WHERE :new.team_id=teams.id;
        ELSIF :old.awayscore = :old.homescore AND :new.awayscore > :new.homescore THEN
            UPDATE Teams SET Points = Points + 2, Gamesdraw = Gamesdraw - 1, Gameswon = Gameswon + 1
            WHERE :new.team_id2=teams.id;
            UPDATE Teams SET Points = Points - 1, Gameslost = Gameslost + 1, Gamesdraw = Gamesdraw - 1
            WHERE :new.team_id=teams.id;
        ELSIF :old.awayscore = :old.homescore AND :new.awayscore < :new.homescore THEN
            UPDATE Teams SET Points = Points + 2, Gamesdraw = Gamesdraw - 1, Gameswon = Gameswon + 1
            WHERE :new.team_id=teams.id;
            UPDATE Teams SET Points = Points - 1, Gameslost = Gameslost + 1, Gamesdraw = Gamesdraw - 1
            WHERE :new.team_id2=teams.id;
        ELSIF :old.awayscore > :old.homescore AND :new.awayscore < :new.homescore THEN 
            UPDATE Teams SET Points = Points + 3, Gameslost = Gameslost - 1, Gameswon = Gameswon + 1
            WHERE :new.team_id=teams.id;
            UPDATE Teams SET Points = Points - 3, Gameslost = Gameslost + 1, Gameswon = Gameswon - 1
            WHERE :new.team_id2=teams.id;
        ELSIF :old.awayscore > :old.homescore AND :new.awayscore = :new.homescore THEN 
            UPDATE Teams SET Points = Points + 1, Gameslost = Gameslost - 1, Gamesdraw = Gamesdraw + 1
            WHERE :new.team_id=teams.id;
            UPDATE Teams SET Points = Points - 2, Gamesdraw = Gamesdraw + 1, Gameswon = Gameswon - 1
            WHERE :new.team_id2=teams.id;
        END IF; 
        
     ELSIF :old.homescore != :new.homescore THEN
     
        UPDATE Teams SET Goalsscored = Goalsscored - :old.homescore + :new.homescore
        WHERE :new.team_id=teams.id;
        UPDATE Teams SET Goalslost = Goalslost - :old.homescore + :new.homescore
        WHERE :new.team_id2=teams.id;
        
        IF :new.awayscore < :old.homescore AND :new.awayscore > :new.homescore THEN 
            UPDATE Teams SET Points = Points + 3, Gameslost = Gameslost - 1, Gameswon = Gameswon + 1
            WHERE :new.team_id2=teams.id;
            UPDATE Teams SET Points = Points - 3, Gameslost = Gameslost + 1, Gameswon = Gameswon - 1
            WHERE :new.team_id=teams.id;
        ElSIF :new.awayscore < :old.homescore AND :new.awayscore = :new.homescore THEN
            UPDATE Teams SET Points = Points + 1, Gameslost = Gameslost - 1, Gamesdraw = Gamesdraw + 1
            WHERE :new.team_id2=teams.id;
            UPDATE Teams SET Points = Points - 2, Gamesdraw = Gamesdraw + 1, Gameswon = Gameswon - 1
            WHERE :new.team_id=teams.id;
        ELSIF :new.awayscore = :old.homescore AND :new.awayscore > :new.homescore THEN
            UPDATE Teams SET Points = Points + 2, Gamesdraw = Gamesdraw - 1, Gameswon = Gameswon + 1
            WHERE :new.team_id2=teams.id;
            UPDATE Teams SET Points = Points - 1, Gameslost = Gameslost + 1, Gamesdraw = Gamesdraw - 1
            WHERE :new.team_id=teams.id;
        ELSIF :new.awayscore = :old.homescore AND :new.awayscore < :new.homescore THEN
            UPDATE Teams SET Points = Points + 2, Gamesdraw = Gamesdraw - 1, Gameswon = Gameswon + 1
            WHERE :new.team_id=teams.id;
            UPDATE Teams SET Points = Points - 1, Gameslost = Gameslost + 1, Gamesdraw = Gamesdraw - 1
            WHERE :new.team_id2=teams.id;
        ELSIF :new.awayscore > :old.homescore AND :new.awayscore < :new.homescore THEN 
            UPDATE Teams SET Points = Points + 3, Gameslost = Gameslost - 1, Gameswon = Gameswon + 1
            WHERE :new.team_id=teams.id;
            UPDATE Teams SET Points = Points - 3, Gameslost = Gameslost + 1, Gameswon = Gameswon - 1
            WHERE :new.team_id2=teams.id;
        ELSIF :new.awayscore > :old.homescore AND :new.awayscore = :new.homescore THEN 
            UPDATE Teams SET Points = Points + 1, Gameslost = Gameslost - 1, Gamesdraw = Gamesdraw + 1
            WHERE :new.team_id=teams.id;
            UPDATE Teams SET Points = Points - 2, Gamesdraw = Gamesdraw + 1, Gameswon = Gameswon - 1
            WHERE :new.team_id2=teams.id;
        END IF; 
        
     ELSIF :old.awayscore != :new.awayscore THEN
     
        UPDATE Teams SET Goalslost = Goalslost - :old.awayscore + :new.awayscore
        WHERE :new.team_id=teams.id;
        UPDATE Teams SET Goalsscored = Goalsscored - :old.awayscore + :new.awayscore
        WHERE :new.team_id2=teams.id;
        
        IF :old.awayscore < :new.homescore AND :new.awayscore > :new.homescore THEN 
            UPDATE Teams SET Points = Points + 3, Gameslost = Gameslost - 1, Gameswon = Gameswon + 1
            WHERE :new.team_id2=teams.id;
            UPDATE Teams SET Points = Points - 3, Gameslost = Gameslost + 1, Gameswon = Gameswon - 1
            WHERE :new.team_id=teams.id;
        ElSIF :old.awayscore < :new.homescore AND :new.awayscore = :new.homescore THEN
            UPDATE Teams SET Points = Points + 1, Gameslost = Gameslost - 1, Gamesdraw = Gamesdraw + 1
            WHERE :new.team_id2=teams.id;
            UPDATE Teams SET Points = Points - 2, Gamesdraw = Gamesdraw + 1, Gameswon = Gameswon - 1
            WHERE :new.team_id=teams.id;
        ELSIF :old.awayscore = :new.homescore AND :new.awayscore > :new.homescore THEN
            UPDATE Teams SET Points = Points + 2, Gamesdraw = Gamesdraw - 1, Gameswon = Gameswon + 1
            WHERE :new.team_id2=teams.id;
            UPDATE Teams SET Points = Points - 1, Gameslost = Gameslost + 1, Gamesdraw = Gamesdraw - 1
            WHERE :new.team_id=teams.id;
        ELSIF :old.awayscore = :new.homescore AND :new.awayscore < :new.homescore THEN
            UPDATE Teams SET Points = Points + 2, Gamesdraw = Gamesdraw - 1, Gameswon = Gameswon + 1
            WHERE :new.team_id=teams.id;
            UPDATE Teams SET Points = Points - 1, Gameslost = Gameslost + 1, Gamesdraw = Gamesdraw - 1
            WHERE :new.team_id2=teams.id;
        ELSIF :old.awayscore > :new.homescore AND :new.awayscore < :new.homescore THEN 
            UPDATE Teams SET Points = Points + 3, Gameslost = Gameslost - 1, Gameswon = Gameswon + 1
            WHERE :new.team_id=teams.id;
            UPDATE Teams SET Points = Points - 3, Gameslost = Gameslost + 1, Gameswon = Gameswon - 1
            WHERE :new.team_id2=teams.id;
        ELSIF :old.awayscore > :new.homescore AND :new.awayscore = :new.homescore THEN 
            UPDATE Teams SET Points = Points + 1, Gameslost = Gameslost - 1, Gamesdraw = Gamesdraw + 1
            WHERE :new.team_id=teams.id;
            UPDATE Teams SET Points = Points - 2, Gamesdraw = Gamesdraw + 1, Gameswon = Gameswon - 1
            WHERE :new.team_id2=teams.id;
        END IF;   
     END IF;
  END IF;
  
  IF DELETING THEN
  
    IF :old.homescore < :old.awayscore THEN
        UPDATE Teams SET Gameslost = Gameslost - 1, Games = Games - 1, Goalsscored = Goalsscored - :old.homescore, Goalslost = Goalslost - :old.awayscore
        WHERE :old.team_id=teams.id;
        UPDATE Teams SET Points = Points - 3, Gameswon = Gameswon - 1, Games = Games - 1, Goalsscored = Goalsscored - :old.awayscore, Goalslost = Goalslost - :old.homescore
        WHERE :old.team_id2=teams.id;
    ELSIF :old.homescore = :old.awayscore THEN
        UPDATE Teams SET Points = Points - 1, Gamesdraw = Gamesdraw - 1, Games = Games - 1, Goalsscored = Goalsscored - :old.homescore, Goalslost = Goalslost - :old.awayscore
        WHERE :old.team_id=teams.id;
        UPDATE Teams SET Points = Points - 1, Gamesdraw = Gamesdraw - 1, Games = Games - 1, Goalsscored = Goalsscored - :old.awayscore, Goalslost = Goalslost - :old.homescore
        WHERE :old.team_id2=teams.id;
    ELSIF :old.homescore > :old.awayscore THEN
        UPDATE Teams SET Gameslost = Gameslost - 1, Games = Games - 1, Goalsscored = Goalsscored - :old.awayscore, Goalslost = Goalslost - :old.homescore
        WHERE :old.team_id2=teams.id;
        UPDATE Teams SET Points = Points - 3, Gameswon = Gameswon - 1, Games = Games - 1, Goalsscored = Goalsscored - :old.homescore, Goalslost = Goalslost - :old.awayscore
        WHERE :old.team_id=teams.id;
    END IF;
    
  END IF;
  
END;
/
ALTER TRIGGER "HR"."TEAMSTATS" ENABLE;
--------------------------------------------------------
--  Constraints for Table COACHES
--------------------------------------------------------

  ALTER TABLE "HR"."COACHES" ADD CONSTRAINT "COACHES_PK" PRIMARY KEY ("ID")
  USING INDEX PCTFREE 10 INITRANS 2 MAXTRANS 255 COMPUTE STATISTICS 
  STORAGE(INITIAL 65536 NEXT 1048576 MINEXTENTS 1 MAXEXTENTS 2147483645
  PCTINCREASE 0 FREELISTS 1 FREELIST GROUPS 1 BUFFER_POOL DEFAULT FLASH_CACHE DEFAULT CELL_FLASH_CACHE DEFAULT)
  TABLESPACE "USERS"  ENABLE;
  ALTER TABLE "HR"."COACHES" MODIFY ("TEAM_ID" NOT NULL ENABLE);
  ALTER TABLE "HR"."COACHES" MODIFY ("NATIONALITY" NOT NULL ENABLE);
  ALTER TABLE "HR"."COACHES" MODIFY ("LASTNAME" NOT NULL ENABLE);
  ALTER TABLE "HR"."COACHES" MODIFY ("FIRSTNAME" NOT NULL ENABLE);
  ALTER TABLE "HR"."COACHES" MODIFY ("ID" NOT NULL ENABLE);
--------------------------------------------------------
--  Constraints for Table GAMES
--------------------------------------------------------

  ALTER TABLE "HR"."GAMES" ADD CONSTRAINT "GAMES_PK" PRIMARY KEY ("ID")
  USING INDEX PCTFREE 10 INITRANS 2 MAXTRANS 255 COMPUTE STATISTICS 
  STORAGE(INITIAL 65536 NEXT 1048576 MINEXTENTS 1 MAXEXTENTS 2147483645
  PCTINCREASE 0 FREELISTS 1 FREELIST GROUPS 1 BUFFER_POOL DEFAULT FLASH_CACHE DEFAULT CELL_FLASH_CACHE DEFAULT)
  TABLESPACE "USERS"  ENABLE;
  ALTER TABLE "HR"."GAMES" MODIFY ("TEAM_ID2" NOT NULL ENABLE);
  ALTER TABLE "HR"."GAMES" MODIFY ("TEAM_ID" NOT NULL ENABLE);
  ALTER TABLE "HR"."GAMES" MODIFY ("ID" NOT NULL ENABLE);
--------------------------------------------------------
--  Constraints for Table LEAGUES
--------------------------------------------------------

  ALTER TABLE "HR"."LEAGUES" ADD CONSTRAINT "LEAGUES_PK" PRIMARY KEY ("ID")
  USING INDEX PCTFREE 10 INITRANS 2 MAXTRANS 255 COMPUTE STATISTICS 
  STORAGE(INITIAL 65536 NEXT 1048576 MINEXTENTS 1 MAXEXTENTS 2147483645
  PCTINCREASE 0 FREELISTS 1 FREELIST GROUPS 1 BUFFER_POOL DEFAULT FLASH_CACHE DEFAULT CELL_FLASH_CACHE DEFAULT)
  TABLESPACE "USERS"  ENABLE;
  ALTER TABLE "HR"."LEAGUES" MODIFY ("COUNTRY" NOT NULL ENABLE);
  ALTER TABLE "HR"."LEAGUES" MODIFY ("NAME" NOT NULL ENABLE);
  ALTER TABLE "HR"."LEAGUES" MODIFY ("ID" NOT NULL ENABLE);
--------------------------------------------------------
--  Constraints for Table PLAYERS
--------------------------------------------------------

  ALTER TABLE "HR"."PLAYERS" ADD CONSTRAINT "PLAYERS_PK" PRIMARY KEY ("ID")
  USING INDEX PCTFREE 10 INITRANS 2 MAXTRANS 255 COMPUTE STATISTICS 
  STORAGE(INITIAL 65536 NEXT 1048576 MINEXTENTS 1 MAXEXTENTS 2147483645
  PCTINCREASE 0 FREELISTS 1 FREELIST GROUPS 1 BUFFER_POOL DEFAULT FLASH_CACHE DEFAULT CELL_FLASH_CACHE DEFAULT)
  TABLESPACE "USERS"  ENABLE;
  ALTER TABLE "HR"."PLAYERS" MODIFY ("POSITION" NOT NULL ENABLE);
  ALTER TABLE "HR"."PLAYERS" MODIFY ("TEAM_ID" NOT NULL ENABLE);
  ALTER TABLE "HR"."PLAYERS" MODIFY ("NATIONALITY" NOT NULL ENABLE);
  ALTER TABLE "HR"."PLAYERS" MODIFY ("LASTNAME" NOT NULL ENABLE);
  ALTER TABLE "HR"."PLAYERS" MODIFY ("FIRSTNAME" NOT NULL ENABLE);
  ALTER TABLE "HR"."PLAYERS" MODIFY ("ID" NOT NULL ENABLE);
--------------------------------------------------------
--  Constraints for Table TEAMS
--------------------------------------------------------

  ALTER TABLE "HR"."TEAMS" ADD CONSTRAINT "TEAMS_PK" PRIMARY KEY ("ID")
  USING INDEX PCTFREE 10 INITRANS 2 MAXTRANS 255 COMPUTE STATISTICS 
  STORAGE(INITIAL 65536 NEXT 1048576 MINEXTENTS 1 MAXEXTENTS 2147483645
  PCTINCREASE 0 FREELISTS 1 FREELIST GROUPS 1 BUFFER_POOL DEFAULT FLASH_CACHE DEFAULT CELL_FLASH_CACHE DEFAULT)
  TABLESPACE "USERS"  ENABLE;
  ALTER TABLE "HR"."TEAMS" MODIFY ("GOALSLOST" NOT NULL ENABLE);
  ALTER TABLE "HR"."TEAMS" MODIFY ("GOALSSCORED" NOT NULL ENABLE);
  ALTER TABLE "HR"."TEAMS" MODIFY ("GAMESLOST" NOT NULL ENABLE);
  ALTER TABLE "HR"."TEAMS" MODIFY ("GAMESDRAW" NOT NULL ENABLE);
  ALTER TABLE "HR"."TEAMS" MODIFY ("GAMESWON" NOT NULL ENABLE);
  ALTER TABLE "HR"."TEAMS" MODIFY ("GAMES" NOT NULL ENABLE);
  ALTER TABLE "HR"."TEAMS" MODIFY ("POINTS" NOT NULL ENABLE);
  ALTER TABLE "HR"."TEAMS" MODIFY ("LEAGUE_ID" NOT NULL ENABLE);
  ALTER TABLE "HR"."TEAMS" MODIFY ("COUNTRY" NOT NULL ENABLE);
  ALTER TABLE "HR"."TEAMS" MODIFY ("NAME" NOT NULL ENABLE);
  ALTER TABLE "HR"."TEAMS" MODIFY ("ID" NOT NULL ENABLE);
